Skeleton	骨骼	"【VR环境】1:1比例虚拟陈列室，物体悬浮于玩家胸前高度 (Y=1.2m)。
【网格/材质】精细PBR材质，高多边形模型。开启环境光遮蔽(AO)。
【交互组件】配置 OVRGrabber/XR Grab Interactable，启用碰撞体，设定抓取锚点 (Grab Point)。
【听觉/视觉】安静环境音，模型呈慢速自转Idle状态 (5 RPM)。"	"【VR动作】玩家使用VR手柄按下 Grip 键抓取，通过手腕自然扭动进行 6DoF 多角度翻看。
【触觉反馈】抓取瞬间手柄触发轻微短促震动 (Haptic Amplitude: 0.3, Duration: 0.1s)。
【视觉变化】内部/核心结构材质自动高亮发光 (Emission: +2.0)，其他部分 Alpha 降至 0.2 变透明。
【空间音效】伴随旋转动作触发 3D 空间音效 (Spatial Audio)，并由近场语音播报“Skeleton”。"
Skull	头骨	"【VR环境】1:1比例虚拟陈列室，物体悬浮于玩家胸前高度 (Y=1.2m)。
【网格/材质】精细PBR材质，高多边形模型。开启环境光遮蔽(AO)。
【交互组件】配置 OVRGrabber/XR Grab Interactable，启用碰撞体，设定抓取锚点 (Grab Point)。
【听觉/视觉】安静环境音，模型呈慢速自转Idle状态 (5 RPM)。"	"【VR动作】玩家使用VR手柄按下 Grip 键抓取，通过手腕自然扭动进行 6DoF 多角度翻看。
【触觉反馈】抓取瞬间手柄触发轻微短促震动 (Haptic Amplitude: 0.3, Duration: 0.1s)。
【视觉变化】内部/核心结构材质自动高亮发光 (Emission: +2.0)，其他部分 Alpha 降至 0.2 变透明。
【空间音效】伴随旋转动作触发 3D 空间音效 (Spatial Audio)，并由近场语音播报“Skull”。"
Organ	器官	"【VR环境】1:1比例虚拟陈列室，物体悬浮于玩家胸前高度 (Y=1.2m)。
【网格/材质】精细PBR材质，高多边形模型。开启环境光遮蔽(AO)。
【交互组件】配置 OVRGrabber/XR Grab Interactable，启用碰撞体，设定抓取锚点 (Grab Point)。
【听觉/视觉】安静环境音，模型呈慢速自转Idle状态 (5 RPM)。"	"【VR动作】玩家使用VR手柄按下 Grip 键抓取，通过手腕自然扭动进行 6DoF 多角度翻看。
【触觉反馈】抓取瞬间手柄触发轻微短促震动 (Haptic Amplitude: 0.3, Duration: 0.1s)。
【视觉变化】内部/核心结构材质自动高亮发光 (Emission: +2.0)，其他部分 Alpha 降至 0.2 变透明。
【空间音效】伴随旋转动作触发 3D 空间音效 (Spatial Audio)，并由近场语音播报“Organ”。"
Tissue	组织	"【VR环境】1:1比例虚拟陈列室，物体悬浮于玩家胸前高度 (Y=1.2m)。
【网格/材质】精细PBR材质，高多边形模型。开启环境光遮蔽(AO)。
【交互组件】配置 OVRGrabber/XR Grab Interactable，启用碰撞体，设定抓取锚点 (Grab Point)。
【听觉/视觉】安静环境音，模型呈慢速自转Idle状态 (5 RPM)。"	"【VR动作】玩家使用VR手柄按下 Grip 键抓取，通过手腕自然扭动进行 6DoF 多角度翻看。
【触觉反馈】抓取瞬间手柄触发轻微短促震动 (Haptic Amplitude: 0.3, Duration: 0.1s)。
【视觉变化】内部/核心结构材质自动高亮发光 (Emission: +2.0)，其他部分 Alpha 降至 0.2 变透明。
【空间音效】伴随旋转动作触发 3D 空间音效 (Spatial Audio)，并由近场语音播报“Tissue”。"
Artery	动脉	"【VR环境】1:1比例虚拟陈列室，物体悬浮于玩家胸前高度 (Y=1.2m)。
【网格/材质】精细PBR材质，高多边形模型。开启环境光遮蔽(AO)。
【交互组件】配置 OVRGrabber/XR Grab Interactable，启用碰撞体，设定抓取锚点 (Grab Point)。
【听觉/视觉】安静环境音，模型呈慢速自转Idle状态 (5 RPM)。"	"【VR动作】玩家使用VR手柄按下 Grip 键抓取，通过手腕自然扭动进行 6DoF 多角度翻看。
【触觉反馈】抓取瞬间手柄触发轻微短促震动 (Haptic Amplitude: 0.3, Duration: 0.1s)。
【视觉变化】内部/核心结构材质自动高亮发光 (Emission: +2.0)，其他部分 Alpha 降至 0.2 变透明。
【空间音效】伴随旋转动作触发 3D 空间音效 (Spatial Audio)，并由近场语音播报“Artery”。"
Vein	静脉	"【VR环境】1:1比例虚拟陈列室，物体悬浮于玩家胸前高度 (Y=1.2m)。
【网格/材质】精细PBR材质，高多边形模型。开启环境光遮蔽(AO)。
【交互组件】配置 OVRGrabber/XR Grab Interactable，启用碰撞体，设定抓取锚点 (Grab Point)。
【听觉/视觉】安静环境音，模型呈慢速自转Idle状态 (5 RPM)。"	"【VR动作】玩家使用VR手柄按下 Grip 键抓取，通过手腕自然扭动进行 6DoF 多角度翻看。
【触觉反馈】抓取瞬间手柄触发轻微短促震动 (Haptic Amplitude: 0.3, Duration: 0.1s)。
【视觉变化】内部/核心结构材质自动高亮发光 (Emission: +2.0)，其他部分 Alpha 降至 0.2 变透明。
【空间音效】伴随旋转动作触发 3D 空间音效 (Spatial Audio)，并由近场语音播报“Vein”。"
Spine	脊柱	"【VR环境】1:1比例虚拟陈列室，物体悬浮于玩家胸前高度 (Y=1.2m)。
【网格/材质】精细PBR材质，高多边形模型。开启环境光遮蔽(AO)。
【交互组件】配置 OVRGrabber/XR Grab Interactable，启用碰撞体，设定抓取锚点 (Grab Point)。
【听觉/视觉】安静环境音，模型呈慢速自转Idle状态 (5 RPM)。"	"【VR动作】玩家使用VR手柄按下 Grip 键抓取，通过手腕自然扭动进行 6DoF 多角度翻看。
【触觉反馈】抓取瞬间手柄触发轻微短促震动 (Haptic Amplitude: 0.3, Duration: 0.1s)。
【视觉变化】内部/核心结构材质自动高亮发光 (Emission: +2.0)，其他部分 Alpha 降至 0.2 变透明。
【空间音效】伴随旋转动作触发 3D 空间音效 (Spatial Audio)，并由近场语音播报“Spine”。"
Cartilage	软骨	"【VR环境】1:1比例虚拟陈列室，物体悬浮于玩家胸前高度 (Y=1.2m)。
【网格/材质】精细PBR材质，高多边形模型。开启环境光遮蔽(AO)。
【交互组件】配置 OVRGrabber/XR Grab Interactable，启用碰撞体，设定抓取锚点 (Grab Point)。
【听觉/视觉】安静环境音，模型呈慢速自转Idle状态 (5 RPM)。"	"【VR动作】玩家使用VR手柄按下 Grip 键抓取，通过手腕自然扭动进行 6DoF 多角度翻看。
【触觉反馈】抓取瞬间手柄触发轻微短促震动 (Haptic Amplitude: 0.3, Duration: 0.1s)。
【视觉变化】内部/核心结构材质自动高亮发光 (Emission: +2.0)，其他部分 Alpha 降至 0.2 变透明。
【空间音效】伴随旋转动作触发 3D 空间音效 (Spatial Audio)，并由近场语音播报“Cartilage”。"
Neuron	神经元	"【VR环境】1:1比例虚拟陈列室，物体悬浮于玩家胸前高度 (Y=1.2m)。
【网格/材质】精细PBR材质，高多边形模型。开启环境光遮蔽(AO)。
【交互组件】配置 OVRGrabber/XR Grab Interactable，启用碰撞体，设定抓取锚点 (Grab Point)。
【听觉/视觉】安静环境音，模型呈慢速自转Idle状态 (5 RPM)。"	"【VR动作】玩家使用VR手柄按下 Grip 键抓取，通过手腕自然扭动进行 6DoF 多角度翻看。
【触觉反馈】抓取瞬间手柄触发轻微短促震动 (Haptic Amplitude: 0.3, Duration: 0.1s)。
【视觉变化】内部/核心结构材质自动高亮发光 (Emission: +2.0)，其他部分 Alpha 降至 0.2 变透明。
【空间音效】伴随旋转动作触发 3D 空间音效 (Spatial Audio)，并由近场语音播报“Neuron”。"
Embryo	胚胎	"【VR环境】1:1比例虚拟陈列室，物体悬浮于玩家胸前高度 (Y=1.2m)。
【网格/材质】精细PBR材质，高多边形模型。开启环境光遮蔽(AO)。
【交互组件】配置 OVRGrabber/XR Grab Interactable，启用碰撞体，设定抓取锚点 (Grab Point)。
【听觉/视觉】安静环境音，模型呈慢速自转Idle状态 (5 RPM)。"	"【VR动作】玩家使用VR手柄按下 Grip 键抓取，通过手腕自然扭动进行 6DoF 多角度翻看。
【触觉反馈】抓取瞬间手柄触发轻微短促震动 (Haptic Amplitude: 0.3, Duration: 0.1s)。
【视觉变化】内部/核心结构材质自动高亮发光 (Emission: +2.0)，其他部分 Alpha 降至 0.2 变透明。
【空间音效】伴随旋转动作触发 3D 空间音效 (Spatial Audio)，并由近场语音播报“Embryo”。"
Fossil	化石	"【VR环境】1:1比例虚拟陈列室，物体悬浮于玩家胸前高度 (Y=1.2m)。
【网格/材质】精细PBR材质，高多边形模型。开启环境光遮蔽(AO)。
【交互组件】配置 OVRGrabber/XR Grab Interactable，启用碰撞体，设定抓取锚点 (Grab Point)。
【听觉/视觉】安静环境音，模型呈慢速自转Idle状态 (5 RPM)。"	"【VR动作】玩家使用VR手柄按下 Grip 键抓取，通过手腕自然扭动进行 6DoF 多角度翻看。
【触觉反馈】抓取瞬间手柄触发轻微短促震动 (Haptic Amplitude: 0.3, Duration: 0.1s)。
【视觉变化】内部/核心结构材质自动高亮发光 (Emission: +2.0)，其他部分 Alpha 降至 0.2 变透明。
【空间音效】伴随旋转动作触发 3D 空间音效 (Spatial Audio)，并由近场语音播报“Fossil”。"
Specimen	标本	"【VR环境】1:1比例虚拟陈列室，物体悬浮于玩家胸前高度 (Y=1.2m)。
【网格/材质】精细PBR材质，高多边形模型。开启环境光遮蔽(AO)。
【交互组件】配置 OVRGrabber/XR Grab Interactable，启用碰撞体，设定抓取锚点 (Grab Point)。
【听觉/视觉】安静环境音，模型呈慢速自转Idle状态 (5 RPM)。"	"【VR动作】玩家使用VR手柄按下 Grip 键抓取，通过手腕自然扭动进行 6DoF 多角度翻看。
【触觉反馈】抓取瞬间手柄触发轻微短促震动 (Haptic Amplitude: 0.3, Duration: 0.1s)。
【视觉变化】内部/核心结构材质自动高亮发光 (Emission: +2.0)，其他部分 Alpha 降至 0.2 变透明。
【空间音效】伴随旋转动作触发 3D 空间音效 (Spatial Audio)，并由近场语音播报“Specimen”。"
Canopy	树冠	"【VR环境】1:1比例虚拟陈列室，物体悬浮于玩家胸前高度 (Y=1.2m)。
【网格/材质】精细PBR材质，高多边形模型。开启环境光遮蔽(AO)。
【交互组件】配置 OVRGrabber/XR Grab Interactable，启用碰撞体，设定抓取锚点 (Grab Point)。
【听觉/视觉】安静环境音，模型呈慢速自转Idle状态 (5 RPM)。"	"【VR动作】玩家使用VR手柄按下 Grip 键抓取，通过手腕自然扭动进行 6DoF 多角度翻看。
【触觉反馈】抓取瞬间手柄触发轻微短促震动 (Haptic Amplitude: 0.3, Duration: 0.1s)。
【视觉变化】内部/核心结构材质自动高亮发光 (Emission: +2.0)，其他部分 Alpha 降至 0.2 变透明。
【空间音效】伴随旋转动作触发 3D 空间音效 (Spatial Audio)，并由近场语音播报“Canopy”。"
Coral	珊瑚	"【VR环境】1:1比例虚拟陈列室，物体悬浮于玩家胸前高度 (Y=1.2m)。
【网格/材质】精细PBR材质，高多边形模型。开启环境光遮蔽(AO)。
【交互组件】配置 OVRGrabber/XR Grab Interactable，启用碰撞体，设定抓取锚点 (Grab Point)。
【听觉/视觉】安静环境音，模型呈慢速自转Idle状态 (5 RPM)。"	"【VR动作】玩家使用VR手柄按下 Grip 键抓取，通过手腕自然扭动进行 6DoF 多角度翻看。
【触觉反馈】抓取瞬间手柄触发轻微短促震动 (Haptic Amplitude: 0.3, Duration: 0.1s)。
【视觉变化】内部/核心结构材质自动高亮发光 (Emission: +2.0)，其他部分 Alpha 降至 0.2 变透明。
【空间音效】伴随旋转动作触发 3D 空间音效 (Spatial Audio)，并由近场语音播报“Coral”。"
Antenna	触角	"【VR环境】1:1比例虚拟陈列室，物体悬浮于玩家胸前高度 (Y=1.2m)。
【网格/材质】精细PBR材质，高多边形模型。开启环境光遮蔽(AO)。
【交互组件】配置 OVRGrabber/XR Grab Interactable，启用碰撞体，设定抓取锚点 (Grab Point)。
【听觉/视觉】安静环境音，模型呈慢速自转Idle状态 (5 RPM)。"	"【VR动作】玩家使用VR手柄按下 Grip 键抓取，通过手腕自然扭动进行 6DoF 多角度翻看。
【触觉反馈】抓取瞬间手柄触发轻微短促震动 (Haptic Amplitude: 0.3, Duration: 0.1s)。
【视觉变化】内部/核心结构材质自动高亮发光 (Emission: +2.0)，其他部分 Alpha 降至 0.2 变透明。
【空间音效】伴随旋转动作触发 3D 空间音效 (Spatial Audio)，并由近场语音播报“Antenna”。"
Claw	爪子	"【VR环境】1:1比例虚拟陈列室，物体悬浮于玩家胸前高度 (Y=1.2m)。
【网格/材质】精细PBR材质，高多边形模型。开启环境光遮蔽(AO)。
【交互组件】配置 OVRGrabber/XR Grab Interactable，启用碰撞体，设定抓取锚点 (Grab Point)。
【听觉/视觉】安静环境音，模型呈慢速自转Idle状态 (5 RPM)。"	"【VR动作】玩家使用VR手柄按下 Grip 键抓取，通过手腕自然扭动进行 6DoF 多角度翻看。
【触觉反馈】抓取瞬间手柄触发轻微短促震动 (Haptic Amplitude: 0.3, Duration: 0.1s)。
【视觉变化】内部/核心结构材质自动高亮发光 (Emission: +2.0)，其他部分 Alpha 降至 0.2 变透明。
【空间音效】伴随旋转动作触发 3D 空间音效 (Spatial Audio)，并由近场语音播报“Claw”。"
Beak	鸟喙	"【VR环境】1:1比例虚拟陈列室，物体悬浮于玩家胸前高度 (Y=1.2m)。
【网格/材质】精细PBR材质，高多边形模型。开启环境光遮蔽(AO)。
【交互组件】配置 OVRGrabber/XR Grab Interactable，启用碰撞体，设定抓取锚点 (Grab Point)。
【听觉/视觉】安静环境音，模型呈慢速自转Idle状态 (5 RPM)。"	"【VR动作】玩家使用VR手柄按下 Grip 键抓取，通过手腕自然扭动进行 6DoF 多角度翻看。
【触觉反馈】抓取瞬间手柄触发轻微短促震动 (Haptic Amplitude: 0.3, Duration: 0.1s)。
【视觉变化】内部/核心结构材质自动高亮发光 (Emission: +2.0)，其他部分 Alpha 降至 0.2 变透明。
【空间音效】伴随旋转动作触发 3D 空间音效 (Spatial Audio)，并由近场语音播报“Beak”。"
Tentacle	触手	"【VR环境】1:1比例虚拟陈列室，物体悬浮于玩家胸前高度 (Y=1.2m)。
【网格/材质】精细PBR材质，高多边形模型。开启环境光遮蔽(AO)。
【交互组件】配置 OVRGrabber/XR Grab Interactable，启用碰撞体，设定抓取锚点 (Grab Point)。
【听觉/视觉】安静环境音，模型呈慢速自转Idle状态 (5 RPM)。"	"【VR动作】玩家使用VR手柄按下 Grip 键抓取，通过手腕自然扭动进行 6DoF 多角度翻看。
【触觉反馈】抓取瞬间手柄触发轻微短促震动 (Haptic Amplitude: 0.3, Duration: 0.1s)。
【视觉变化】内部/核心结构材质自动高亮发光 (Emission: +2.0)，其他部分 Alpha 降至 0.2 变透明。
【空间音效】伴随旋转动作触发 3D 空间音效 (Spatial Audio)，并由近场语音播报“Tentacle”。"
Stem	茎	"【VR环境】1:1比例虚拟陈列室，物体悬浮于玩家胸前高度 (Y=1.2m)。
【网格/材质】精细PBR材质，高多边形模型。开启环境光遮蔽(AO)。
【交互组件】配置 OVRGrabber/XR Grab Interactable，启用碰撞体，设定抓取锚点 (Grab Point)。
【听觉/视觉】安静环境音，模型呈慢速自转Idle状态 (5 RPM)。"	"【VR动作】玩家使用VR手柄按下 Grip 键抓取，通过手腕自然扭动进行 6DoF 多角度翻看。
【触觉反馈】抓取瞬间手柄触发轻微短促震动 (Haptic Amplitude: 0.3, Duration: 0.1s)。
【视觉变化】内部/核心结构材质自动高亮发光 (Emission: +2.0)，其他部分 Alpha 降至 0.2 变透明。
【空间音效】伴随旋转动作触发 3D 空间音效 (Spatial Audio)，并由近场语音播报“Stem”。"
Petal	花瓣	"【VR环境】1:1比例虚拟陈列室，物体悬浮于玩家胸前高度 (Y=1.2m)。
【网格/材质】精细PBR材质，高多边形模型。开启环境光遮蔽(AO)。
【交互组件】配置 OVRGrabber/XR Grab Interactable，启用碰撞体，设定抓取锚点 (Grab Point)。
【听觉/视觉】安静环境音，模型呈慢速自转Idle状态 (5 RPM)。"	"【VR动作】玩家使用VR手柄按下 Grip 键抓取，通过手腕自然扭动进行 6DoF 多角度翻看。
【触觉反馈】抓取瞬间手柄触发轻微短促震动 (Haptic Amplitude: 0.3, Duration: 0.1s)。
【视觉变化】内部/核心结构材质自动高亮发光 (Emission: +2.0)，其他部分 Alpha 降至 0.2 变透明。
【空间音效】伴随旋转动作触发 3D 空间音效 (Spatial Audio)，并由近场语音播报“Petal”。"
Root	根	"【VR环境】1:1比例虚拟陈列室，物体悬浮于玩家胸前高度 (Y=1.2m)。
【网格/材质】精细PBR材质，高多边形模型。开启环境光遮蔽(AO)。
【交互组件】配置 OVRGrabber/XR Grab Interactable，启用碰撞体，设定抓取锚点 (Grab Point)。
【听觉/视觉】安静环境音，模型呈慢速自转Idle状态 (5 RPM)。"	"【VR动作】玩家使用VR手柄按下 Grip 键抓取，通过手腕自然扭动进行 6DoF 多角度翻看。
【触觉反馈】抓取瞬间手柄触发轻微短促震动 (Haptic Amplitude: 0.3, Duration: 0.1s)。
【视觉变化】内部/核心结构材质自动高亮发光 (Emission: +2.0)，其他部分 Alpha 降至 0.2 变透明。
【空间音效】伴随旋转动作触发 3D 空间音效 (Spatial Audio)，并由近场语音播报“Root”。"
Pollen	花粉	"【VR环境】1:1比例虚拟陈列室，物体悬浮于玩家胸前高度 (Y=1.2m)。
【网格/材质】精细PBR材质，高多边形模型。开启环境光遮蔽(AO)。
【交互组件】配置 OVRGrabber/XR Grab Interactable，启用碰撞体，设定抓取锚点 (Grab Point)。
【听觉/视觉】安静环境音，模型呈慢速自转Idle状态 (5 RPM)。"	"【VR动作】玩家使用VR手柄按下 Grip 键抓取，通过手腕自然扭动进行 6DoF 多角度翻看。
【触觉反馈】抓取瞬间手柄触发轻微短促震动 (Haptic Amplitude: 0.3, Duration: 0.1s)。
【视觉变化】内部/核心结构材质自动高亮发光 (Emission: +2.0)，其他部分 Alpha 降至 0.2 变透明。
【空间音效】伴随旋转动作触发 3D 空间音效 (Spatial Audio)，并由近场语音播报“Pollen”。"
Trunk	树干	"【VR环境】1:1比例虚拟陈列室，物体悬浮于玩家胸前高度 (Y=1.2m)。
【网格/材质】精细PBR材质，高多边形模型。开启环境光遮蔽(AO)。
【交互组件】配置 OVRGrabber/XR Grab Interactable，启用碰撞体，设定抓取锚点 (Grab Point)。
【听觉/视觉】安静环境音，模型呈慢速自转Idle状态 (5 RPM)。"	"【VR动作】玩家使用VR手柄按下 Grip 键抓取，通过手腕自然扭动进行 6DoF 多角度翻看。
【触觉反馈】抓取瞬间手柄触发轻微短促震动 (Haptic Amplitude: 0.3, Duration: 0.1s)。
【视觉变化】内部/核心结构材质自动高亮发光 (Emission: +2.0)，其他部分 Alpha 降至 0.2 变透明。
【空间音效】伴随旋转动作触发 3D 空间音效 (Spatial Audio)，并由近场语音播报“Trunk”。"
Chromosome	染色体	"【VR环境】1:1比例虚拟陈列室，物体悬浮于玩家胸前高度 (Y=1.2m)。
【网格/材质】精细PBR材质，高多边形模型。开启环境光遮蔽(AO)。
【交互组件】配置 OVRGrabber/XR Grab Interactable，启用碰撞体，设定抓取锚点 (Grab Point)。
【听觉/视觉】安静环境音，模型呈慢速自转Idle状态 (5 RPM)。"	"【VR动作】玩家使用VR手柄按下 Grip 键抓取，通过手腕自然扭动进行 6DoF 多角度翻看。
【触觉反馈】抓取瞬间手柄触发轻微短促震动 (Haptic Amplitude: 0.3, Duration: 0.1s)。
【视觉变化】内部/核心结构材质自动高亮发光 (Emission: +2.0)，其他部分 Alpha 降至 0.2 变透明。
【空间音效】伴随旋转动作触发 3D 空间音效 (Spatial Audio)，并由近场语音播报“Chromosome”。"
DNA	DNA	"【VR环境】1:1比例虚拟陈列室，物体悬浮于玩家胸前高度 (Y=1.2m)。
【网格/材质】精细PBR材质，高多边形模型。开启环境光遮蔽(AO)。
【交互组件】配置 OVRGrabber/XR Grab Interactable，启用碰撞体，设定抓取锚点 (Grab Point)。
【听觉/视觉】安静环境音，模型呈慢速自转Idle状态 (5 RPM)。"	"【VR动作】玩家使用VR手柄按下 Grip 键抓取，通过手腕自然扭动进行 6DoF 多角度翻看。
【触觉反馈】抓取瞬间手柄触发轻微短促震动 (Haptic Amplitude: 0.3, Duration: 0.1s)。
【视觉变化】内部/核心结构材质自动高亮发光 (Emission: +2.0)，其他部分 Alpha 降至 0.2 变透明。
【空间音效】伴随旋转动作触发 3D 空间音效 (Spatial Audio)，并由近场语音播报“DNA”。"
Microbe	微生物	"【VR环境】1:1比例虚拟陈列室，物体悬浮于玩家胸前高度 (Y=1.2m)。
【网格/材质】精细PBR材质，高多边形模型。开启环境光遮蔽(AO)。
【交互组件】配置 OVRGrabber/XR Grab Interactable，启用碰撞体，设定抓取锚点 (Grab Point)。
【听觉/视觉】安静环境音，模型呈慢速自转Idle状态 (5 RPM)。"	"【VR动作】玩家使用VR手柄按下 Grip 键抓取，通过手腕自然扭动进行 6DoF 多角度翻看。
【触觉反馈】抓取瞬间手柄触发轻微短促震动 (Haptic Amplitude: 0.3, Duration: 0.1s)。
【视觉变化】内部/核心结构材质自动高亮发光 (Emission: +2.0)，其他部分 Alpha 降至 0.2 变透明。
【空间音效】伴随旋转动作触发 3D 空间音效 (Spatial Audio)，并由近场语音播报“Microbe”。"
Virus	病毒	"【VR环境】1:1比例虚拟陈列室，物体悬浮于玩家胸前高度 (Y=1.2m)。
【网格/材质】精细PBR材质，高多边形模型。开启环境光遮蔽(AO)。
【交互组件】配置 OVRGrabber/XR Grab Interactable，启用碰撞体，设定抓取锚点 (Grab Point)。
【听觉/视觉】安静环境音，模型呈慢速自转Idle状态 (5 RPM)。"	"【VR动作】玩家使用VR手柄按下 Grip 键抓取，通过手腕自然扭动进行 6DoF 多角度翻看。
【触觉反馈】抓取瞬间手柄触发轻微短促震动 (Haptic Amplitude: 0.3, Duration: 0.1s)。
【视觉变化】内部/核心结构材质自动高亮发光 (Emission: +2.0)，其他部分 Alpha 降至 0.2 变透明。
【空间音效】伴随旋转动作触发 3D 空间音效 (Spatial Audio)，并由近场语音播报“Virus”。"
Protein	蛋白质	"【VR环境】1:1比例虚拟陈列室，物体悬浮于玩家胸前高度 (Y=1.2m)。
【网格/材质】精细PBR材质，高多边形模型。开启环境光遮蔽(AO)。
【交互组件】配置 OVRGrabber/XR Grab Interactable，启用碰撞体，设定抓取锚点 (Grab Point)。
【听觉/视觉】安静环境音，模型呈慢速自转Idle状态 (5 RPM)。"	"【VR动作】玩家使用VR手柄按下 Grip 键抓取，通过手腕自然扭动进行 6DoF 多角度翻看。
【触觉反馈】抓取瞬间手柄触发轻微短促震动 (Haptic Amplitude: 0.3, Duration: 0.1s)。
【视觉变化】内部/核心结构材质自动高亮发光 (Emission: +2.0)，其他部分 Alpha 降至 0.2 变透明。
【空间音效】伴随旋转动作触发 3D 空间音效 (Spatial Audio)，并由近场语音播报“Protein”。"
Enzyme	酶	"【VR环境】1:1比例虚拟陈列室，物体悬浮于玩家胸前高度 (Y=1.2m)。
【网格/材质】精细PBR材质，高多边形模型。开启环境光遮蔽(AO)。
【交互组件】配置 OVRGrabber/XR Grab Interactable，启用碰撞体，设定抓取锚点 (Grab Point)。
【听觉/视觉】安静环境音，模型呈慢速自转Idle状态 (5 RPM)。"	"【VR动作】玩家使用VR手柄按下 Grip 键抓取，通过手腕自然扭动进行 6DoF 多角度翻看。
【触觉反馈】抓取瞬间手柄触发轻微短促震动 (Haptic Amplitude: 0.3, Duration: 0.1s)。
【视觉变化】内部/核心结构材质自动高亮发光 (Emission: +2.0)，其他部分 Alpha 降至 0.2 变透明。
【空间音效】伴随旋转动作触发 3D 空间音效 (Spatial Audio)，并由近场语音播报“Enzyme”。"
Membrane	膜	"【VR环境】1:1比例虚拟陈列室，物体悬浮于玩家胸前高度 (Y=1.2m)。
【网格/材质】精细PBR材质，高多边形模型。开启环境光遮蔽(AO)。
【交互组件】配置 OVRGrabber/XR Grab Interactable，启用碰撞体，设定抓取锚点 (Grab Point)。
【听觉/视觉】安静环境音，模型呈慢速自转Idle状态 (5 RPM)。"	"【VR动作】玩家使用VR手柄按下 Grip 键抓取，通过手腕自然扭动进行 6DoF 多角度翻看。
【触觉反馈】抓取瞬间手柄触发轻微短促震动 (Haptic Amplitude: 0.3, Duration: 0.1s)。
【视觉变化】内部/核心结构材质自动高亮发光 (Emission: +2.0)，其他部分 Alpha 降至 0.2 变透明。
【空间音效】伴随旋转动作触发 3D 空间音效 (Spatial Audio)，并由近场语音播报“Membrane”。"
Hemisphere	半球	"【VR环境】1:1比例虚拟陈列室，物体悬浮于玩家胸前高度 (Y=1.2m)。
【网格/材质】精细PBR材质，高多边形模型。开启环境光遮蔽(AO)。
【交互组件】配置 OVRGrabber/XR Grab Interactable，启用碰撞体，设定抓取锚点 (Grab Point)。
【听觉/视觉】安静环境音，模型呈慢速自转Idle状态 (5 RPM)。"	"【VR动作】玩家使用VR手柄按下 Grip 键抓取，通过手腕自然扭动进行 6DoF 多角度翻看。
【触觉反馈】抓取瞬间手柄触发轻微短促震动 (Haptic Amplitude: 0.3, Duration: 0.1s)。
【视觉变化】内部/核心结构材质自动高亮发光 (Emission: +2.0)，其他部分 Alpha 降至 0.2 变透明。
【空间音效】伴随旋转动作触发 3D 空间音效 (Spatial Audio)，并由近场语音播报“Hemisphere”。"
Equator	赤道	"【VR环境】1:1比例虚拟陈列室，物体悬浮于玩家胸前高度 (Y=1.2m)。
【网格/材质】精细PBR材质，高多边形模型。开启环境光遮蔽(AO)。
【交互组件】配置 OVRGrabber/XR Grab Interactable，启用碰撞体，设定抓取锚点 (Grab Point)。
【听觉/视觉】安静环境音，模型呈慢速自转Idle状态 (5 RPM)。"	"【VR动作】玩家使用VR手柄按下 Grip 键抓取，通过手腕自然扭动进行 6DoF 多角度翻看。
【触觉反馈】抓取瞬间手柄触发轻微短促震动 (Haptic Amplitude: 0.3, Duration: 0.1s)。
【视觉变化】内部/核心结构材质自动高亮发光 (Emission: +2.0)，其他部分 Alpha 降至 0.2 变透明。
【空间音效】伴随旋转动作触发 3D 空间音效 (Spatial Audio)，并由近场语音播报“Equator”。"
Latitude	纬度	"【VR环境】1:1比例虚拟陈列室，物体悬浮于玩家胸前高度 (Y=1.2m)。
【网格/材质】精细PBR材质，高多边形模型。开启环境光遮蔽(AO)。
【交互组件】配置 OVRGrabber/XR Grab Interactable，启用碰撞体，设定抓取锚点 (Grab Point)。
【听觉/视觉】安静环境音，模型呈慢速自转Idle状态 (5 RPM)。"	"【VR动作】玩家使用VR手柄按下 Grip 键抓取，通过手腕自然扭动进行 6DoF 多角度翻看。
【触觉反馈】抓取瞬间手柄触发轻微短促震动 (Haptic Amplitude: 0.3, Duration: 0.1s)。
【视觉变化】内部/核心结构材质自动高亮发光 (Emission: +2.0)，其他部分 Alpha 降至 0.2 变透明。
【空间音效】伴随旋转动作触发 3D 空间音效 (Spatial Audio)，并由近场语音播报“Latitude”。"
Longitude	经度	"【VR环境】1:1比例虚拟陈列室，物体悬浮于玩家胸前高度 (Y=1.2m)。
【网格/材质】精细PBR材质，高多边形模型。开启环境光遮蔽(AO)。
【交互组件】配置 OVRGrabber/XR Grab Interactable，启用碰撞体，设定抓取锚点 (Grab Point)。
【听觉/视觉】安静环境音，模型呈慢速自转Idle状态 (5 RPM)。"	"【VR动作】玩家使用VR手柄按下 Grip 键抓取，通过手腕自然扭动进行 6DoF 多角度翻看。
【触觉反馈】抓取瞬间手柄触发轻微短促震动 (Haptic Amplitude: 0.3, Duration: 0.1s)。
【视觉变化】内部/核心结构材质自动高亮发光 (Emission: +2.0)，其他部分 Alpha 降至 0.2 变透明。
【空间音效】伴随旋转动作触发 3D 空间音效 (Spatial Audio)，并由近场语音播报“Longitude”。"
Axis	轴	"【VR环境】1:1比例虚拟陈列室，物体悬浮于玩家胸前高度 (Y=1.2m)。
【网格/材质】精细PBR材质，高多边形模型。开启环境光遮蔽(AO)。
【交互组件】配置 OVRGrabber/XR Grab Interactable，启用碰撞体，设定抓取锚点 (Grab Point)。
【听觉/视觉】安静环境音，模型呈慢速自转Idle状态 (5 RPM)。"	"【VR动作】玩家使用VR手柄按下 Grip 键抓取，通过手腕自然扭动进行 6DoF 多角度翻看。
【触觉反馈】抓取瞬间手柄触发轻微短促震动 (Haptic Amplitude: 0.3, Duration: 0.1s)。
【视觉变化】内部/核心结构材质自动高亮发光 (Emission: +2.0)，其他部分 Alpha 降至 0.2 变透明。
【空间音效】伴随旋转动作触发 3D 空间音效 (Spatial Audio)，并由近场语音播报“Axis”。"
Orbit	轨道	"【VR环境】1:1比例虚拟陈列室，物体悬浮于玩家胸前高度 (Y=1.2m)。
【网格/材质】精细PBR材质，高多边形模型。开启环境光遮蔽(AO)。
【交互组件】配置 OVRGrabber/XR Grab Interactable，启用碰撞体，设定抓取锚点 (Grab Point)。
【听觉/视觉】安静环境音，模型呈慢速自转Idle状态 (5 RPM)。"	"【VR动作】玩家使用VR手柄按下 Grip 键抓取，通过手腕自然扭动进行 6DoF 多角度翻看。
【触觉反馈】抓取瞬间手柄触发轻微短促震动 (Haptic Amplitude: 0.3, Duration: 0.1s)。
【视觉变化】内部/核心结构材质自动高亮发光 (Emission: +2.0)，其他部分 Alpha 降至 0.2 变透明。
【空间音效】伴随旋转动作触发 3D 空间音效 (Spatial Audio)，并由近场语音播报“Orbit”。"
Crater	陨石坑	"【VR环境】1:1比例虚拟陈列室，物体悬浮于玩家胸前高度 (Y=1.2m)。
【网格/材质】精细PBR材质，高多边形模型。开启环境光遮蔽(AO)。
【交互组件】配置 OVRGrabber/XR Grab Interactable，启用碰撞体，设定抓取锚点 (Grab Point)。
【听觉/视觉】安静环境音，模型呈慢速自转Idle状态 (5 RPM)。"	"【VR动作】玩家使用VR手柄按下 Grip 键抓取，通过手腕自然扭动进行 6DoF 多角度翻看。
【触觉反馈】抓取瞬间手柄触发轻微短促震动 (Haptic Amplitude: 0.3, Duration: 0.1s)。
【视觉变化】内部/核心结构材质自动高亮发光 (Emission: +2.0)，其他部分 Alpha 降至 0.2 变透明。
【空间音效】伴随旋转动作触发 3D 空间音效 (Spatial Audio)，并由近场语音播报“Crater”。"
Volcano	火山	"【VR环境】1:1比例虚拟陈列室，物体悬浮于玩家胸前高度 (Y=1.2m)。
【网格/材质】精细PBR材质，高多边形模型。开启环境光遮蔽(AO)。
【交互组件】配置 OVRGrabber/XR Grab Interactable，启用碰撞体，设定抓取锚点 (Grab Point)。
【听觉/视觉】安静环境音，模型呈慢速自转Idle状态 (5 RPM)。"	"【VR动作】玩家使用VR手柄按下 Grip 键抓取，通过手腕自然扭动进行 6DoF 多角度翻看。
【触觉反馈】抓取瞬间手柄触发轻微短促震动 (Haptic Amplitude: 0.3, Duration: 0.1s)。
【视觉变化】内部/核心结构材质自动高亮发光 (Emission: +2.0)，其他部分 Alpha 降至 0.2 变透明。
【空间音效】伴随旋转动作触发 3D 空间音效 (Spatial Audio)，并由近场语音播报“Volcano”。"
Glacier	冰川	"【VR环境】1:1比例虚拟陈列室，物体悬浮于玩家胸前高度 (Y=1.2m)。
【网格/材质】精细PBR材质，高多边形模型。开启环境光遮蔽(AO)。
【交互组件】配置 OVRGrabber/XR Grab Interactable，启用碰撞体，设定抓取锚点 (Grab Point)。
【听觉/视觉】安静环境音，模型呈慢速自转Idle状态 (5 RPM)。"	"【VR动作】玩家使用VR手柄按下 Grip 键抓取，通过手腕自然扭动进行 6DoF 多角度翻看。
【触觉反馈】抓取瞬间手柄触发轻微短促震动 (Haptic Amplitude: 0.3, Duration: 0.1s)。
【视觉变化】内部/核心结构材质自动高亮发光 (Emission: +2.0)，其他部分 Alpha 降至 0.2 变透明。
【空间音效】伴随旋转动作触发 3D 空间音效 (Spatial Audio)，并由近场语音播报“Glacier”。"
Canyon	峡谷	"【VR环境】1:1比例虚拟陈列室，物体悬浮于玩家胸前高度 (Y=1.2m)。
【网格/材质】精细PBR材质，高多边形模型。开启环境光遮蔽(AO)。
【交互组件】配置 OVRGrabber/XR Grab Interactable，启用碰撞体，设定抓取锚点 (Grab Point)。
【听觉/视觉】安静环境音，模型呈慢速自转Idle状态 (5 RPM)。"	"【VR动作】玩家使用VR手柄按下 Grip 键抓取，通过手腕自然扭动进行 6DoF 多角度翻看。
【触觉反馈】抓取瞬间手柄触发轻微短促震动 (Haptic Amplitude: 0.3, Duration: 0.1s)。
【视觉变化】内部/核心结构材质自动高亮发光 (Emission: +2.0)，其他部分 Alpha 降至 0.2 变透明。
【空间音效】伴随旋转动作触发 3D 空间音效 (Spatial Audio)，并由近场语音播报“Canyon”。"
Plateau	高原	"【VR环境】1:1比例虚拟陈列室，物体悬浮于玩家胸前高度 (Y=1.2m)。
【网格/材质】精细PBR材质，高多边形模型。开启环境光遮蔽(AO)。
【交互组件】配置 OVRGrabber/XR Grab Interactable，启用碰撞体，设定抓取锚点 (Grab Point)。
【听觉/视觉】安静环境音，模型呈慢速自转Idle状态 (5 RPM)。"	"【VR动作】玩家使用VR手柄按下 Grip 键抓取，通过手腕自然扭动进行 6DoF 多角度翻看。
【触觉反馈】抓取瞬间手柄触发轻微短促震动 (Haptic Amplitude: 0.3, Duration: 0.1s)。
【视觉变化】内部/核心结构材质自动高亮发光 (Emission: +2.0)，其他部分 Alpha 降至 0.2 变透明。
【空间音效】伴随旋转动作触发 3D 空间音效 (Spatial Audio)，并由近场语音播报“Plateau”。"
Terrain	地形	"【VR环境】1:1比例虚拟陈列室，物体悬浮于玩家胸前高度 (Y=1.2m)。
【网格/材质】精细PBR材质，高多边形模型。开启环境光遮蔽(AO)。
【交互组件】配置 OVRGrabber/XR Grab Interactable，启用碰撞体，设定抓取锚点 (Grab Point)。
【听觉/视觉】安静环境音，模型呈慢速自转Idle状态 (5 RPM)。"	"【VR动作】玩家使用VR手柄按下 Grip 键抓取，通过手腕自然扭动进行 6DoF 多角度翻看。
【触觉反馈】抓取瞬间手柄触发轻微短促震动 (Haptic Amplitude: 0.3, Duration: 0.1s)。
【视觉变化】内部/核心结构材质自动高亮发光 (Emission: +2.0)，其他部分 Alpha 降至 0.2 变透明。
【空间音效】伴随旋转动作触发 3D 空间音效 (Spatial Audio)，并由近场语音播报“Terrain”。"
Peninsula	半岛	"【VR环境】1:1比例虚拟陈列室，物体悬浮于玩家胸前高度 (Y=1.2m)。
【网格/材质】精细PBR材质，高多边形模型。开启环境光遮蔽(AO)。
【交互组件】配置 OVRGrabber/XR Grab Interactable，启用碰撞体，设定抓取锚点 (Grab Point)。
【听觉/视觉】安静环境音，模型呈慢速自转Idle状态 (5 RPM)。"	"【VR动作】玩家使用VR手柄按下 Grip 键抓取，通过手腕自然扭动进行 6DoF 多角度翻看。
【触觉反馈】抓取瞬间手柄触发轻微短促震动 (Haptic Amplitude: 0.3, Duration: 0.1s)。
【视觉变化】内部/核心结构材质自动高亮发光 (Emission: +2.0)，其他部分 Alpha 降至 0.2 变透明。
【空间音效】伴随旋转动作触发 3D 空间音效 (Spatial Audio)，并由近场语音播报“Peninsula”。"
Coastline	海岸线	"【VR环境】1:1比例虚拟陈列室，物体悬浮于玩家胸前高度 (Y=1.2m)。
【网格/材质】精细PBR材质，高多边形模型。开启环境光遮蔽(AO)。
【交互组件】配置 OVRGrabber/XR Grab Interactable，启用碰撞体，设定抓取锚点 (Grab Point)。
【听觉/视觉】安静环境音，模型呈慢速自转Idle状态 (5 RPM)。"	"【VR动作】玩家使用VR手柄按下 Grip 键抓取，通过手腕自然扭动进行 6DoF 多角度翻看。
【触觉反馈】抓取瞬间手柄触发轻微短促震动 (Haptic Amplitude: 0.3, Duration: 0.1s)。
【视觉变化】内部/核心结构材质自动高亮发光 (Emission: +2.0)，其他部分 Alpha 降至 0.2 变透明。
【空间音效】伴随旋转动作触发 3D 空间音效 (Spatial Audio)，并由近场语音播报“Coastline”。"
Atmosphere	大气层	"【VR环境】1:1比例虚拟陈列室，物体悬浮于玩家胸前高度 (Y=1.2m)。
【网格/材质】精细PBR材质，高多边形模型。开启环境光遮蔽(AO)。
【交互组件】配置 OVRGrabber/XR Grab Interactable，启用碰撞体，设定抓取锚点 (Grab Point)。
【听觉/视觉】安静环境音，模型呈慢速自转Idle状态 (5 RPM)。"	"【VR动作】玩家使用VR手柄按下 Grip 键抓取，通过手腕自然扭动进行 6DoF 多角度翻看。
【触觉反馈】抓取瞬间手柄触发轻微短促震动 (Haptic Amplitude: 0.3, Duration: 0.1s)。
【视觉变化】内部/核心结构材质自动高亮发光 (Emission: +2.0)，其他部分 Alpha 降至 0.2 变透明。
【空间音效】伴随旋转动作触发 3D 空间音效 (Spatial Audio)，并由近场语音播报“Atmosphere”。"
Meteor	流星	"【VR环境】1:1比例虚拟陈列室，物体悬浮于玩家胸前高度 (Y=1.2m)。
【网格/材质】精细PBR材质，高多边形模型。开启环境光遮蔽(AO)。
【交互组件】配置 OVRGrabber/XR Grab Interactable，启用碰撞体，设定抓取锚点 (Grab Point)。
【听觉/视觉】安静环境音，模型呈慢速自转Idle状态 (5 RPM)。"	"【VR动作】玩家使用VR手柄按下 Grip 键抓取，通过手腕自然扭动进行 6DoF 多角度翻看。
【触觉反馈】抓取瞬间手柄触发轻微短促震动 (Haptic Amplitude: 0.3, Duration: 0.1s)。
【视觉变化】内部/核心结构材质自动高亮发光 (Emission: +2.0)，其他部分 Alpha 降至 0.2 变透明。
【空间音效】伴随旋转动作触发 3D 空间音效 (Spatial Audio)，并由近场语音播报“Meteor”。"
Comet	彗星	"【VR环境】1:1比例虚拟陈列室，物体悬浮于玩家胸前高度 (Y=1.2m)。
【网格/材质】精细PBR材质，高多边形模型。开启环境光遮蔽(AO)。
【交互组件】配置 OVRGrabber/XR Grab Interactable，启用碰撞体，设定抓取锚点 (Grab Point)。
【听觉/视觉】安静环境音，模型呈慢速自转Idle状态 (5 RPM)。"	"【VR动作】玩家使用VR手柄按下 Grip 键抓取，通过手腕自然扭动进行 6DoF 多角度翻看。
【触觉反馈】抓取瞬间手柄触发轻微短促震动 (Haptic Amplitude: 0.3, Duration: 0.1s)。
【视觉变化】内部/核心结构材质自动高亮发光 (Emission: +2.0)，其他部分 Alpha 降至 0.2 变透明。
【空间音效】伴随旋转动作触发 3D 空间音效 (Spatial Audio)，并由近场语音播报“Comet”。"
Asteroid	小行星	"【VR环境】1:1比例虚拟陈列室，物体悬浮于玩家胸前高度 (Y=1.2m)。
【网格/材质】精细PBR材质，高多边形模型。开启环境光遮蔽(AO)。
【交互组件】配置 OVRGrabber/XR Grab Interactable，启用碰撞体，设定抓取锚点 (Grab Point)。
【听觉/视觉】安静环境音，模型呈慢速自转Idle状态 (5 RPM)。"	"【VR动作】玩家使用VR手柄按下 Grip 键抓取，通过手腕自然扭动进行 6DoF 多角度翻看。
【触觉反馈】抓取瞬间手柄触发轻微短促震动 (Haptic Amplitude: 0.3, Duration: 0.1s)。
【视觉变化】内部/核心结构材质自动高亮发光 (Emission: +2.0)，其他部分 Alpha 降至 0.2 变透明。
【空间音效】伴随旋转动作触发 3D 空间音效 (Spatial Audio)，并由近场语音播报“Asteroid”。"
Galaxy	星系	"【VR环境】1:1比例虚拟陈列室，物体悬浮于玩家胸前高度 (Y=1.2m)。
【网格/材质】精细PBR材质，高多边形模型。开启环境光遮蔽(AO)。
【交互组件】配置 OVRGrabber/XR Grab Interactable，启用碰撞体，设定抓取锚点 (Grab Point)。
【听觉/视觉】安静环境音，模型呈慢速自转Idle状态 (5 RPM)。"	"【VR动作】玩家使用VR手柄按下 Grip 键抓取，通过手腕自然扭动进行 6DoF 多角度翻看。
【触觉反馈】抓取瞬间手柄触发轻微短促震动 (Haptic Amplitude: 0.3, Duration: 0.1s)。
【视觉变化】内部/核心结构材质自动高亮发光 (Emission: +2.0)，其他部分 Alpha 降至 0.2 变透明。
【空间音效】伴随旋转动作触发 3D 空间音效 (Spatial Audio)，并由近场语音播报“Galaxy”。"
Satellite	卫星	"【VR环境】1:1比例虚拟陈列室，物体悬浮于玩家胸前高度 (Y=1.2m)。
【网格/材质】精细PBR材质，高多边形模型。开启环境光遮蔽(AO)。
【交互组件】配置 OVRGrabber/XR Grab Interactable，启用碰撞体，设定抓取锚点 (Grab Point)。
【听觉/视觉】安静环境音，模型呈慢速自转Idle状态 (5 RPM)。"	"【VR动作】玩家使用VR手柄按下 Grip 键抓取，通过手腕自然扭动进行 6DoF 多角度翻看。
【触觉反馈】抓取瞬间手柄触发轻微短促震动 (Haptic Amplitude: 0.3, Duration: 0.1s)。
【视觉变化】内部/核心结构材质自动高亮发光 (Emission: +2.0)，其他部分 Alpha 降至 0.2 变透明。
【空间音效】伴随旋转动作触发 3D 空间音效 (Spatial Audio)，并由近场语音播报“Satellite”。"
Telescope	望远镜	"【VR环境】1:1比例虚拟陈列室，物体悬浮于玩家胸前高度 (Y=1.2m)。
【网格/材质】精细PBR材质，高多边形模型。开启环境光遮蔽(AO)。
【交互组件】配置 OVRGrabber/XR Grab Interactable，启用碰撞体，设定抓取锚点 (Grab Point)。
【听觉/视觉】安静环境音，模型呈慢速自转Idle状态 (5 RPM)。"	"【VR动作】玩家使用VR手柄按下 Grip 键抓取，通过手腕自然扭动进行 6DoF 多角度翻看。
【触觉反馈】抓取瞬间手柄触发轻微短促震动 (Haptic Amplitude: 0.3, Duration: 0.1s)。
【视觉变化】内部/核心结构材质自动高亮发光 (Emission: +2.0)，其他部分 Alpha 降至 0.2 变透明。
【空间音效】伴随旋转动作触发 3D 空间音效 (Spatial Audio)，并由近场语音播报“Telescope”。"
Crust	地壳	"【VR环境】1:1比例虚拟陈列室，物体悬浮于玩家胸前高度 (Y=1.2m)。
【网格/材质】精细PBR材质，高多边形模型。开启环境光遮蔽(AO)。
【交互组件】配置 OVRGrabber/XR Grab Interactable，启用碰撞体，设定抓取锚点 (Grab Point)。
【听觉/视觉】安静环境音，模型呈慢速自转Idle状态 (5 RPM)。"	"【VR动作】玩家使用VR手柄按下 Grip 键抓取，通过手腕自然扭动进行 6DoF 多角度翻看。
【触觉反馈】抓取瞬间手柄触发轻微短促震动 (Haptic Amplitude: 0.3, Duration: 0.1s)。
【视觉变化】内部/核心结构材质自动高亮发光 (Emission: +2.0)，其他部分 Alpha 降至 0.2 变透明。
【空间音效】伴随旋转动作触发 3D 空间音效 (Spatial Audio)，并由近场语音播报“Crust”。"
Mantle	地幔	"【VR环境】1:1比例虚拟陈列室，物体悬浮于玩家胸前高度 (Y=1.2m)。
【网格/材质】精细PBR材质，高多边形模型。开启环境光遮蔽(AO)。
【交互组件】配置 OVRGrabber/XR Grab Interactable，启用碰撞体，设定抓取锚点 (Grab Point)。
【听觉/视觉】安静环境音，模型呈慢速自转Idle状态 (5 RPM)。"	"【VR动作】玩家使用VR手柄按下 Grip 键抓取，通过手腕自然扭动进行 6DoF 多角度翻看。
【触觉反馈】抓取瞬间手柄触发轻微短促震动 (Haptic Amplitude: 0.3, Duration: 0.1s)。
【视觉变化】内部/核心结构材质自动高亮发光 (Emission: +2.0)，其他部分 Alpha 降至 0.2 变透明。
【空间音效】伴随旋转动作触发 3D 空间音效 (Spatial Audio)，并由近场语音播报“Mantle”。"
Core	地核	"【VR环境】1:1比例虚拟陈列室，物体悬浮于玩家胸前高度 (Y=1.2m)。
【网格/材质】精细PBR材质，高多边形模型。开启环境光遮蔽(AO)。
【交互组件】配置 OVRGrabber/XR Grab Interactable，启用碰撞体，设定抓取锚点 (Grab Point)。
【听觉/视觉】安静环境音，模型呈慢速自转Idle状态 (5 RPM)。"	"【VR动作】玩家使用VR手柄按下 Grip 键抓取，通过手腕自然扭动进行 6DoF 多角度翻看。
【触觉反馈】抓取瞬间手柄触发轻微短促震动 (Haptic Amplitude: 0.3, Duration: 0.1s)。
【视觉变化】内部/核心结构材质自动高亮发光 (Emission: +2.0)，其他部分 Alpha 降至 0.2 变透明。
【空间音效】伴随旋转动作触发 3D 空间音效 (Spatial Audio)，并由近场语音播报“Core”。"
Epicentre	震中	"【VR环境】1:1比例虚拟陈列室，物体悬浮于玩家胸前高度 (Y=1.2m)。
【网格/材质】精细PBR材质，高多边形模型。开启环境光遮蔽(AO)。
【交互组件】配置 OVRGrabber/XR Grab Interactable，启用碰撞体，设定抓取锚点 (Grab Point)。
【听觉/视觉】安静环境音，模型呈慢速自转Idle状态 (5 RPM)。"	"【VR动作】玩家使用VR手柄按下 Grip 键抓取，通过手腕自然扭动进行 6DoF 多角度翻看。
【触觉反馈】抓取瞬间手柄触发轻微短促震动 (Haptic Amplitude: 0.3, Duration: 0.1s)。
【视觉变化】内部/核心结构材质自动高亮发光 (Emission: +2.0)，其他部分 Alpha 降至 0.2 变透明。
【空间音效】伴随旋转动作触发 3D 空间音效 (Spatial Audio)，并由近场语音播报“Epicentre”。"
Sediment	沉积物	"【VR环境】1:1比例虚拟陈列室，物体悬浮于玩家胸前高度 (Y=1.2m)。
【网格/材质】精细PBR材质，高多边形模型。开启环境光遮蔽(AO)。
【交互组件】配置 OVRGrabber/XR Grab Interactable，启用碰撞体，设定抓取锚点 (Grab Point)。
【听觉/视觉】安静环境音，模型呈慢速自转Idle状态 (5 RPM)。"	"【VR动作】玩家使用VR手柄按下 Grip 键抓取，通过手腕自然扭动进行 6DoF 多角度翻看。
【触觉反馈】抓取瞬间手柄触发轻微短促震动 (Haptic Amplitude: 0.3, Duration: 0.1s)。
【视觉变化】内部/核心结构材质自动高亮发光 (Emission: +2.0)，其他部分 Alpha 降至 0.2 变透明。
【空间音效】伴随旋转动作触发 3D 空间音效 (Spatial Audio)，并由近场语音播报“Sediment”。"
Crystal	水晶	"【VR环境】1:1比例虚拟陈列室，物体悬浮于玩家胸前高度 (Y=1.2m)。
【网格/材质】精细PBR材质，高多边形模型。开启环境光遮蔽(AO)。
【交互组件】配置 OVRGrabber/XR Grab Interactable，启用碰撞体，设定抓取锚点 (Grab Point)。
【听觉/视觉】安静环境音，模型呈慢速自转Idle状态 (5 RPM)。"	"【VR动作】玩家使用VR手柄按下 Grip 键抓取，通过手腕自然扭动进行 6DoF 多角度翻看。
【触觉反馈】抓取瞬间手柄触发轻微短促震动 (Haptic Amplitude: 0.3, Duration: 0.1s)。
【视觉变化】内部/核心结构材质自动高亮发光 (Emission: +2.0)，其他部分 Alpha 降至 0.2 变透明。
【空间音效】伴随旋转动作触发 3D 空间音效 (Spatial Audio)，并由近场语音播报“Crystal”。"
Ore	矿石	"【VR环境】1:1比例虚拟陈列室，物体悬浮于玩家胸前高度 (Y=1.2m)。
【网格/材质】精细PBR材质，高多边形模型。开启环境光遮蔽(AO)。
【交互组件】配置 OVRGrabber/XR Grab Interactable，启用碰撞体，设定抓取锚点 (Grab Point)。
【听觉/视觉】安静环境音，模型呈慢速自转Idle状态 (5 RPM)。"	"【VR动作】玩家使用VR手柄按下 Grip 键抓取，通过手腕自然扭动进行 6DoF 多角度翻看。
【触觉反馈】抓取瞬间手柄触发轻微短促震动 (Haptic Amplitude: 0.3, Duration: 0.1s)。
【视觉变化】内部/核心结构材质自动高亮发光 (Emission: +2.0)，其他部分 Alpha 降至 0.2 变透明。
【空间音效】伴随旋转动作触发 3D 空间音效 (Spatial Audio)，并由近场语音播报“Ore”。"
Cave	洞穴	"【VR环境】1:1比例虚拟陈列室，物体悬浮于玩家胸前高度 (Y=1.2m)。
【网格/材质】精细PBR材质，高多边形模型。开启环境光遮蔽(AO)。
【交互组件】配置 OVRGrabber/XR Grab Interactable，启用碰撞体，设定抓取锚点 (Grab Point)。
【听觉/视觉】安静环境音，模型呈慢速自转Idle状态 (5 RPM)。"	"【VR动作】玩家使用VR手柄按下 Grip 键抓取，通过手腕自然扭动进行 6DoF 多角度翻看。
【触觉反馈】抓取瞬间手柄触发轻微短促震动 (Haptic Amplitude: 0.3, Duration: 0.1s)。
【视觉变化】内部/核心结构材质自动高亮发光 (Emission: +2.0)，其他部分 Alpha 降至 0.2 变透明。
【空间音效】伴随旋转动作触发 3D 空间音效 (Spatial Audio)，并由近场语音播报“Cave”。"
Strait	海峡	"【VR环境】1:1比例虚拟陈列室，物体悬浮于玩家胸前高度 (Y=1.2m)。
【网格/材质】精细PBR材质，高多边形模型。开启环境光遮蔽(AO)。
【交互组件】配置 OVRGrabber/XR Grab Interactable，启用碰撞体，设定抓取锚点 (Grab Point)。
【听觉/视觉】安静环境音，模型呈慢速自转Idle状态 (5 RPM)。"	"【VR动作】玩家使用VR手柄按下 Grip 键抓取，通过手腕自然扭动进行 6DoF 多角度翻看。
【触觉反馈】抓取瞬间手柄触发轻微短促震动 (Haptic Amplitude: 0.3, Duration: 0.1s)。
【视觉变化】内部/核心结构材质自动高亮发光 (Emission: +2.0)，其他部分 Alpha 降至 0.2 变透明。
【空间音效】伴随旋转动作触发 3D 空间音效 (Spatial Audio)，并由近场语音播报“Strait”。"
Architecture	建筑	"【VR环境】1:1比例虚拟陈列室，物体悬浮于玩家胸前高度 (Y=1.2m)。
【网格/材质】精细PBR材质，高多边形模型。开启环境光遮蔽(AO)。
【交互组件】配置 OVRGrabber/XR Grab Interactable，启用碰撞体，设定抓取锚点 (Grab Point)。
【听觉/视觉】安静环境音，模型呈慢速自转Idle状态 (5 RPM)。"	"【VR动作】玩家使用VR手柄按下 Grip 键抓取，通过手腕自然扭动进行 6DoF 多角度翻看。
【触觉反馈】抓取瞬间手柄触发轻微短促震动 (Haptic Amplitude: 0.3, Duration: 0.1s)。
【视觉变化】内部/核心结构材质自动高亮发光 (Emission: +2.0)，其他部分 Alpha 降至 0.2 变透明。
【空间音效】伴随旋转动作触发 3D 空间音效 (Spatial Audio)，并由近场语音播报“Architecture”。"
Structure	结构	"【VR环境】1:1比例虚拟陈列室，物体悬浮于玩家胸前高度 (Y=1.2m)。
【网格/材质】精细PBR材质，高多边形模型。开启环境光遮蔽(AO)。
【交互组件】配置 OVRGrabber/XR Grab Interactable，启用碰撞体，设定抓取锚点 (Grab Point)。
【听觉/视觉】安静环境音，模型呈慢速自转Idle状态 (5 RPM)。"	"【VR动作】玩家使用VR手柄按下 Grip 键抓取，通过手腕自然扭动进行 6DoF 多角度翻看。
【触觉反馈】抓取瞬间手柄触发轻微短促震动 (Haptic Amplitude: 0.3, Duration: 0.1s)。
【视觉变化】内部/核心结构材质自动高亮发光 (Emission: +2.0)，其他部分 Alpha 降至 0.2 变透明。
【空间音效】伴随旋转动作触发 3D 空间音效 (Spatial Audio)，并由近场语音播报“Structure”。"
Foundation	地基	"【VR环境】1:1比例虚拟陈列室，物体悬浮于玩家胸前高度 (Y=1.2m)。
【网格/材质】精细PBR材质，高多边形模型。开启环境光遮蔽(AO)。
【交互组件】配置 OVRGrabber/XR Grab Interactable，启用碰撞体，设定抓取锚点 (Grab Point)。
【听觉/视觉】安静环境音，模型呈慢速自转Idle状态 (5 RPM)。"	"【VR动作】玩家使用VR手柄按下 Grip 键抓取，通过手腕自然扭动进行 6DoF 多角度翻看。
【触觉反馈】抓取瞬间手柄触发轻微短促震动 (Haptic Amplitude: 0.3, Duration: 0.1s)。
【视觉变化】内部/核心结构材质自动高亮发光 (Emission: +2.0)，其他部分 Alpha 降至 0.2 变透明。
【空间音效】伴随旋转动作触发 3D 空间音效 (Spatial Audio)，并由近场语音播报“Foundation”。"
Pillar	柱子	"【VR环境】1:1比例虚拟陈列室，物体悬浮于玩家胸前高度 (Y=1.2m)。
【网格/材质】精细PBR材质，高多边形模型。开启环境光遮蔽(AO)。
【交互组件】配置 OVRGrabber/XR Grab Interactable，启用碰撞体，设定抓取锚点 (Grab Point)。
【听觉/视觉】安静环境音，模型呈慢速自转Idle状态 (5 RPM)。"	"【VR动作】玩家使用VR手柄按下 Grip 键抓取，通过手腕自然扭动进行 6DoF 多角度翻看。
【触觉反馈】抓取瞬间手柄触发轻微短促震动 (Haptic Amplitude: 0.3, Duration: 0.1s)。
【视觉变化】内部/核心结构材质自动高亮发光 (Emission: +2.0)，其他部分 Alpha 降至 0.2 变透明。
【空间音效】伴随旋转动作触发 3D 空间音效 (Spatial Audio)，并由近场语音播报“Pillar”。"
Beam	梁	"【VR环境】1:1比例虚拟陈列室，物体悬浮于玩家胸前高度 (Y=1.2m)。
【网格/材质】精细PBR材质，高多边形模型。开启环境光遮蔽(AO)。
【交互组件】配置 OVRGrabber/XR Grab Interactable，启用碰撞体，设定抓取锚点 (Grab Point)。
【听觉/视觉】安静环境音，模型呈慢速自转Idle状态 (5 RPM)。"	"【VR动作】玩家使用VR手柄按下 Grip 键抓取，通过手腕自然扭动进行 6DoF 多角度翻看。
【触觉反馈】抓取瞬间手柄触发轻微短促震动 (Haptic Amplitude: 0.3, Duration: 0.1s)。
【视觉变化】内部/核心结构材质自动高亮发光 (Emission: +2.0)，其他部分 Alpha 降至 0.2 变透明。
【空间音效】伴随旋转动作触发 3D 空间音效 (Spatial Audio)，并由近场语音播报“Beam”。"
Arch	拱	"【VR环境】1:1比例虚拟陈列室，物体悬浮于玩家胸前高度 (Y=1.2m)。
【网格/材质】精细PBR材质，高多边形模型。开启环境光遮蔽(AO)。
【交互组件】配置 OVRGrabber/XR Grab Interactable，启用碰撞体，设定抓取锚点 (Grab Point)。
【听觉/视觉】安静环境音，模型呈慢速自转Idle状态 (5 RPM)。"	"【VR动作】玩家使用VR手柄按下 Grip 键抓取，通过手腕自然扭动进行 6DoF 多角度翻看。
【触觉反馈】抓取瞬间手柄触发轻微短促震动 (Haptic Amplitude: 0.3, Duration: 0.1s)。
【视觉变化】内部/核心结构材质自动高亮发光 (Emission: +2.0)，其他部分 Alpha 降至 0.2 变透明。
【空间音效】伴随旋转动作触发 3D 空间音效 (Spatial Audio)，并由近场语音播报“Arch”。"
Dome	穹顶	"【VR环境】1:1比例虚拟陈列室，物体悬浮于玩家胸前高度 (Y=1.2m)。
【网格/材质】精细PBR材质，高多边形模型。开启环境光遮蔽(AO)。
【交互组件】配置 OVRGrabber/XR Grab Interactable，启用碰撞体，设定抓取锚点 (Grab Point)。
【听觉/视觉】安静环境音，模型呈慢速自转Idle状态 (5 RPM)。"	"【VR动作】玩家使用VR手柄按下 Grip 键抓取，通过手腕自然扭动进行 6DoF 多角度翻看。
【触觉反馈】抓取瞬间手柄触发轻微短促震动 (Haptic Amplitude: 0.3, Duration: 0.1s)。
【视觉变化】内部/核心结构材质自动高亮发光 (Emission: +2.0)，其他部分 Alpha 降至 0.2 变透明。
【空间音效】伴随旋转动作触发 3D 空间音效 (Spatial Audio)，并由近场语音播报“Dome”。"
Vault	拱顶	"【VR环境】1:1比例虚拟陈列室，物体悬浮于玩家胸前高度 (Y=1.2m)。
【网格/材质】精细PBR材质，高多边形模型。开启环境光遮蔽(AO)。
【交互组件】配置 OVRGrabber/XR Grab Interactable，启用碰撞体，设定抓取锚点 (Grab Point)。
【听觉/视觉】安静环境音，模型呈慢速自转Idle状态 (5 RPM)。"	"【VR动作】玩家使用VR手柄按下 Grip 键抓取，通过手腕自然扭动进行 6DoF 多角度翻看。
【触觉反馈】抓取瞬间手柄触发轻微短促震动 (Haptic Amplitude: 0.3, Duration: 0.1s)。
【视觉变化】内部/核心结构材质自动高亮发光 (Emission: +2.0)，其他部分 Alpha 降至 0.2 变透明。
【空间音效】伴随旋转动作触发 3D 空间音效 (Spatial Audio)，并由近场语音播报“Vault”。"
Facade	正面	"【VR环境】1:1比例虚拟陈列室，物体悬浮于玩家胸前高度 (Y=1.2m)。
【网格/材质】精细PBR材质，高多边形模型。开启环境光遮蔽(AO)。
【交互组件】配置 OVRGrabber/XR Grab Interactable，启用碰撞体，设定抓取锚点 (Grab Point)。
【听觉/视觉】安静环境音，模型呈慢速自转Idle状态 (5 RPM)。"	"【VR动作】玩家使用VR手柄按下 Grip 键抓取，通过手腕自然扭动进行 6DoF 多角度翻看。
【触觉反馈】抓取瞬间手柄触发轻微短促震动 (Haptic Amplitude: 0.3, Duration: 0.1s)。
【视觉变化】内部/核心结构材质自动高亮发光 (Emission: +2.0)，其他部分 Alpha 降至 0.2 变透明。
【空间音效】伴随旋转动作触发 3D 空间音效 (Spatial Audio)，并由近场语音播报“Facade”。"
Blueprint	蓝图	"【VR环境】1:1比例虚拟陈列室，物体悬浮于玩家胸前高度 (Y=1.2m)。
【网格/材质】精细PBR材质，高多边形模型。开启环境光遮蔽(AO)。
【交互组件】配置 OVRGrabber/XR Grab Interactable，启用碰撞体，设定抓取锚点 (Grab Point)。
【听觉/视觉】安静环境音，模型呈慢速自转Idle状态 (5 RPM)。"	"【VR动作】玩家使用VR手柄按下 Grip 键抓取，通过手腕自然扭动进行 6DoF 多角度翻看。
【触觉反馈】抓取瞬间手柄触发轻微短促震动 (Haptic Amplitude: 0.3, Duration: 0.1s)。
【视觉变化】内部/核心结构材质自动高亮发光 (Emission: +2.0)，其他部分 Alpha 降至 0.2 变透明。
【空间音效】伴随旋转动作触发 3D 空间音效 (Spatial Audio)，并由近场语音播报“Blueprint”。"
Skyscraper	摩天大楼	"【VR环境】1:1比例虚拟陈列室，物体悬浮于玩家胸前高度 (Y=1.2m)。
【网格/材质】精细PBR材质，高多边形模型。开启环境光遮蔽(AO)。
【交互组件】配置 OVRGrabber/XR Grab Interactable，启用碰撞体，设定抓取锚点 (Grab Point)。
【听觉/视觉】安静环境音，模型呈慢速自转Idle状态 (5 RPM)。"	"【VR动作】玩家使用VR手柄按下 Grip 键抓取，通过手腕自然扭动进行 6DoF 多角度翻看。
【触觉反馈】抓取瞬间手柄触发轻微短促震动 (Haptic Amplitude: 0.3, Duration: 0.1s)。
【视觉变化】内部/核心结构材质自动高亮发光 (Emission: +2.0)，其他部分 Alpha 降至 0.2 变透明。
【空间音效】伴随旋转动作触发 3D 空间音效 (Spatial Audio)，并由近场语音播报“Skyscraper”。"
Monument	纪念碑	"【VR环境】1:1比例虚拟陈列室，物体悬浮于玩家胸前高度 (Y=1.2m)。
【网格/材质】精细PBR材质，高多边形模型。开启环境光遮蔽(AO)。
【交互组件】配置 OVRGrabber/XR Grab Interactable，启用碰撞体，设定抓取锚点 (Grab Point)。
【听觉/视觉】安静环境音，模型呈慢速自转Idle状态 (5 RPM)。"	"【VR动作】玩家使用VR手柄按下 Grip 键抓取，通过手腕自然扭动进行 6DoF 多角度翻看。
【触觉反馈】抓取瞬间手柄触发轻微短促震动 (Haptic Amplitude: 0.3, Duration: 0.1s)。
【视觉变化】内部/核心结构材质自动高亮发光 (Emission: +2.0)，其他部分 Alpha 降至 0.2 变透明。
【空间音效】伴随旋转动作触发 3D 空间音效 (Spatial Audio)，并由近场语音播报“Monument”。"
Ruin	废墟	"【VR环境】1:1比例虚拟陈列室，物体悬浮于玩家胸前高度 (Y=1.2m)。
【网格/材质】精细PBR材质，高多边形模型。开启环境光遮蔽(AO)。
【交互组件】配置 OVRGrabber/XR Grab Interactable，启用碰撞体，设定抓取锚点 (Grab Point)。
【听觉/视觉】安静环境音，模型呈慢速自转Idle状态 (5 RPM)。"	"【VR动作】玩家使用VR手柄按下 Grip 键抓取，通过手腕自然扭动进行 6DoF 多角度翻看。
【触觉反馈】抓取瞬间手柄触发轻微短促震动 (Haptic Amplitude: 0.3, Duration: 0.1s)。
【视觉变化】内部/核心结构材质自动高亮发光 (Emission: +2.0)，其他部分 Alpha 降至 0.2 变透明。
【空间音效】伴随旋转动作触发 3D 空间音效 (Spatial Audio)，并由近场语音播报“Ruin”。"
Relic	遗物	"【VR环境】1:1比例虚拟陈列室，物体悬浮于玩家胸前高度 (Y=1.2m)。
【网格/材质】精细PBR材质，高多边形模型。开启环境光遮蔽(AO)。
【交互组件】配置 OVRGrabber/XR Grab Interactable，启用碰撞体，设定抓取锚点 (Grab Point)。
【听觉/视觉】安静环境音，模型呈慢速自转Idle状态 (5 RPM)。"	"【VR动作】玩家使用VR手柄按下 Grip 键抓取，通过手腕自然扭动进行 6DoF 多角度翻看。
【触觉反馈】抓取瞬间手柄触发轻微短促震动 (Haptic Amplitude: 0.3, Duration: 0.1s)。
【视觉变化】内部/核心结构材质自动高亮发光 (Emission: +2.0)，其他部分 Alpha 降至 0.2 变透明。
【空间音效】伴随旋转动作触发 3D 空间音效 (Spatial Audio)，并由近场语音播报“Relic”。"
Artifact	神器	"【VR环境】1:1比例虚拟陈列室，物体悬浮于玩家胸前高度 (Y=1.2m)。
【网格/材质】精细PBR材质，高多边形模型。开启环境光遮蔽(AO)。
【交互组件】配置 OVRGrabber/XR Grab Interactable，启用碰撞体，设定抓取锚点 (Grab Point)。
【听觉/视觉】安静环境音，模型呈慢速自转Idle状态 (5 RPM)。"	"【VR动作】玩家使用VR手柄按下 Grip 键抓取，通过手腕自然扭动进行 6DoF 多角度翻看。
【触觉反馈】抓取瞬间手柄触发轻微短促震动 (Haptic Amplitude: 0.3, Duration: 0.1s)。
【视觉变化】内部/核心结构材质自动高亮发光 (Emission: +2.0)，其他部分 Alpha 降至 0.2 变透明。
【空间音效】伴随旋转动作触发 3D 空间音效 (Spatial Audio)，并由近场语音播报“Artifact”。"
Pottery	陶器	"【VR环境】1:1比例虚拟陈列室，物体悬浮于玩家胸前高度 (Y=1.2m)。
【网格/材质】精细PBR材质，高多边形模型。开启环境光遮蔽(AO)。
【交互组件】配置 OVRGrabber/XR Grab Interactable，启用碰撞体，设定抓取锚点 (Grab Point)。
【听觉/视觉】安静环境音，模型呈慢速自转Idle状态 (5 RPM)。"	"【VR动作】玩家使用VR手柄按下 Grip 键抓取，通过手腕自然扭动进行 6DoF 多角度翻看。
【触觉反馈】抓取瞬间手柄触发轻微短促震动 (Haptic Amplitude: 0.3, Duration: 0.1s)。
【视觉变化】内部/核心结构材质自动高亮发光 (Emission: +2.0)，其他部分 Alpha 降至 0.2 变透明。
【空间音效】伴随旋转动作触发 3D 空间音效 (Spatial Audio)，并由近场语音播报“Pottery”。"
Sculpture	雕塑	"【VR环境】1:1比例虚拟陈列室，物体悬浮于玩家胸前高度 (Y=1.2m)。
【网格/材质】精细PBR材质，高多边形模型。开启环境光遮蔽(AO)。
【交互组件】配置 OVRGrabber/XR Grab Interactable，启用碰撞体，设定抓取锚点 (Grab Point)。
【听觉/视觉】安静环境音，模型呈慢速自转Idle状态 (5 RPM)。"	"【VR动作】玩家使用VR手柄按下 Grip 键抓取，通过手腕自然扭动进行 6DoF 多角度翻看。
【触觉反馈】抓取瞬间手柄触发轻微短促震动 (Haptic Amplitude: 0.3, Duration: 0.1s)。
【视觉变化】内部/核心结构材质自动高亮发光 (Emission: +2.0)，其他部分 Alpha 降至 0.2 变透明。
【空间音效】伴随旋转动作触发 3D 空间音效 (Spatial Audio)，并由近场语音播报“Sculpture”。"
Statue	雕像	"【VR环境】1:1比例虚拟陈列室，物体悬浮于玩家胸前高度 (Y=1.2m)。
【网格/材质】精细PBR材质，高多边形模型。开启环境光遮蔽(AO)。
【交互组件】配置 OVRGrabber/XR Grab Interactable，启用碰撞体，设定抓取锚点 (Grab Point)。
【听觉/视觉】安静环境音，模型呈慢速自转Idle状态 (5 RPM)。"	"【VR动作】玩家使用VR手柄按下 Grip 键抓取，通过手腕自然扭动进行 6DoF 多角度翻看。
【触觉反馈】抓取瞬间手柄触发轻微短促震动 (Haptic Amplitude: 0.3, Duration: 0.1s)。
【视觉变化】内部/核心结构材质自动高亮发光 (Emission: +2.0)，其他部分 Alpha 降至 0.2 变透明。
【空间音效】伴随旋转动作触发 3D 空间音效 (Spatial Audio)，并由近场语音播报“Statue”。"
Labyrinth	迷宫	"【VR环境】1:1比例虚拟陈列室，物体悬浮于玩家胸前高度 (Y=1.2m)。
【网格/材质】精细PBR材质，高多边形模型。开启环境光遮蔽(AO)。
【交互组件】配置 OVRGrabber/XR Grab Interactable，启用碰撞体，设定抓取锚点 (Grab Point)。
【听觉/视觉】安静环境音，模型呈慢速自转Idle状态 (5 RPM)。"	"【VR动作】玩家使用VR手柄按下 Grip 键抓取，通过手腕自然扭动进行 6DoF 多角度翻看。
【触觉反馈】抓取瞬间手柄触发轻微短促震动 (Haptic Amplitude: 0.3, Duration: 0.1s)。
【视觉变化】内部/核心结构材质自动高亮发光 (Emission: +2.0)，其他部分 Alpha 降至 0.2 变透明。
【空间音效】伴随旋转动作触发 3D 空间音效 (Spatial Audio)，并由近场语音播报“Labyrinth”。"
Pyramid	金字塔	"【VR环境】1:1比例虚拟陈列室，物体悬浮于玩家胸前高度 (Y=1.2m)。
【网格/材质】精细PBR材质，高多边形模型。开启环境光遮蔽(AO)。
【交互组件】配置 OVRGrabber/XR Grab Interactable，启用碰撞体，设定抓取锚点 (Grab Point)。
【听觉/视觉】安静环境音，模型呈慢速自转Idle状态 (5 RPM)。"	"【VR动作】玩家使用VR手柄按下 Grip 键抓取，通过手腕自然扭动进行 6DoF 多角度翻看。
【触觉反馈】抓取瞬间手柄触发轻微短促震动 (Haptic Amplitude: 0.3, Duration: 0.1s)。
【视觉变化】内部/核心结构材质自动高亮发光 (Emission: +2.0)，其他部分 Alpha 降至 0.2 变透明。
【空间音效】伴随旋转动作触发 3D 空间音效 (Spatial Audio)，并由近场语音播报“Pyramid”。"
Canal	运河	"【VR环境】1:1比例虚拟陈列室，物体悬浮于玩家胸前高度 (Y=1.2m)。
【网格/材质】精细PBR材质，高多边形模型。开启环境光遮蔽(AO)。
【交互组件】配置 OVRGrabber/XR Grab Interactable，启用碰撞体，设定抓取锚点 (Grab Point)。
【听觉/视觉】安静环境音，模型呈慢速自转Idle状态 (5 RPM)。"	"【VR动作】玩家使用VR手柄按下 Grip 键抓取，通过手腕自然扭动进行 6DoF 多角度翻看。
【触觉反馈】抓取瞬间手柄触发轻微短促震动 (Haptic Amplitude: 0.3, Duration: 0.1s)。
【视觉变化】内部/核心结构材质自动高亮发光 (Emission: +2.0)，其他部分 Alpha 降至 0.2 变透明。
【空间音效】伴随旋转动作触发 3D 空间音效 (Spatial Audio)，并由近场语音播报“Canal”。"
Reservoir	水库	"【VR环境】1:1比例虚拟陈列室，物体悬浮于玩家胸前高度 (Y=1.2m)。
【网格/材质】精细PBR材质，高多边形模型。开启环境光遮蔽(AO)。
【交互组件】配置 OVRGrabber/XR Grab Interactable，启用碰撞体，设定抓取锚点 (Grab Point)。
【听觉/视觉】安静环境音，模型呈慢速自转Idle状态 (5 RPM)。"	"【VR动作】玩家使用VR手柄按下 Grip 键抓取，通过手腕自然扭动进行 6DoF 多角度翻看。
【触觉反馈】抓取瞬间手柄触发轻微短促震动 (Haptic Amplitude: 0.3, Duration: 0.1s)。
【视觉变化】内部/核心结构材质自动高亮发光 (Emission: +2.0)，其他部分 Alpha 降至 0.2 变透明。
【空间音效】伴随旋转动作触发 3D 空间音效 (Spatial Audio)，并由近场语音播报“Reservoir”。"
Aqueduct	渡槽	"【VR环境】1:1比例虚拟陈列室，物体悬浮于玩家胸前高度 (Y=1.2m)。
【网格/材质】精细PBR材质，高多边形模型。开启环境光遮蔽(AO)。
【交互组件】配置 OVRGrabber/XR Grab Interactable，启用碰撞体，设定抓取锚点 (Grab Point)。
【听觉/视觉】安静环境音，模型呈慢速自转Idle状态 (5 RPM)。"	"【VR动作】玩家使用VR手柄按下 Grip 键抓取，通过手腕自然扭动进行 6DoF 多角度翻看。
【触觉反馈】抓取瞬间手柄触发轻微短促震动 (Haptic Amplitude: 0.3, Duration: 0.1s)。
【视觉变化】内部/核心结构材质自动高亮发光 (Emission: +2.0)，其他部分 Alpha 降至 0.2 变透明。
【空间音效】伴随旋转动作触发 3D 空间音效 (Spatial Audio)，并由近场语音播报“Aqueduct”。"
Fortress	堡垒	"【VR环境】1:1比例虚拟陈列室，物体悬浮于玩家胸前高度 (Y=1.2m)。
【网格/材质】精细PBR材质，高多边形模型。开启环境光遮蔽(AO)。
【交互组件】配置 OVRGrabber/XR Grab Interactable，启用碰撞体，设定抓取锚点 (Grab Point)。
【听觉/视觉】安静环境音，模型呈慢速自转Idle状态 (5 RPM)。"	"【VR动作】玩家使用VR手柄按下 Grip 键抓取，通过手腕自然扭动进行 6DoF 多角度翻看。
【触觉反馈】抓取瞬间手柄触发轻微短促震动 (Haptic Amplitude: 0.3, Duration: 0.1s)。
【视觉变化】内部/核心结构材质自动高亮发光 (Emission: +2.0)，其他部分 Alpha 降至 0.2 变透明。
【空间音效】伴随旋转动作触发 3D 空间音效 (Spatial Audio)，并由近场语音播报“Fortress”。"
Trench	战壕	"【VR环境】1:1比例虚拟陈列室，物体悬浮于玩家胸前高度 (Y=1.2m)。
【网格/材质】精细PBR材质，高多边形模型。开启环境光遮蔽(AO)。
【交互组件】配置 OVRGrabber/XR Grab Interactable，启用碰撞体，设定抓取锚点 (Grab Point)。
【听觉/视觉】安静环境音，模型呈慢速自转Idle状态 (5 RPM)。"	"【VR动作】玩家使用VR手柄按下 Grip 键抓取，通过手腕自然扭动进行 6DoF 多角度翻看。
【触觉反馈】抓取瞬间手柄触发轻微短促震动 (Haptic Amplitude: 0.3, Duration: 0.1s)。
【视觉变化】内部/核心结构材质自动高亮发光 (Emission: +2.0)，其他部分 Alpha 降至 0.2 变透明。
【空间音效】伴随旋转动作触发 3D 空间音效 (Spatial Audio)，并由近场语音播报“Trench”。"
Device	设备	"【VR环境】1:1比例虚拟陈列室，物体悬浮于玩家胸前高度 (Y=1.2m)。
【网格/材质】精细PBR材质，高多边形模型。开启环境光遮蔽(AO)。
【交互组件】配置 OVRGrabber/XR Grab Interactable，启用碰撞体，设定抓取锚点 (Grab Point)。
【听觉/视觉】安静环境音，模型呈慢速自转Idle状态 (5 RPM)。"	"【VR动作】玩家使用VR手柄按下 Grip 键抓取，通过手腕自然扭动进行 6DoF 多角度翻看。
【触觉反馈】抓取瞬间手柄触发轻微短促震动 (Haptic Amplitude: 0.3, Duration: 0.1s)。
【视觉变化】内部/核心结构材质自动高亮发光 (Emission: +2.0)，其他部分 Alpha 降至 0.2 变透明。
【空间音效】伴随旋转动作触发 3D 空间音效 (Spatial Audio)，并由近场语音播报“Device”。"
Appliance	器具	"【VR环境】1:1比例虚拟陈列室，物体悬浮于玩家胸前高度 (Y=1.2m)。
【网格/材质】精细PBR材质，高多边形模型。开启环境光遮蔽(AO)。
【交互组件】配置 OVRGrabber/XR Grab Interactable，启用碰撞体，设定抓取锚点 (Grab Point)。
【听觉/视觉】安静环境音，模型呈慢速自转Idle状态 (5 RPM)。"	"【VR动作】玩家使用VR手柄按下 Grip 键抓取，通过手腕自然扭动进行 6DoF 多角度翻看。
【触觉反馈】抓取瞬间手柄触发轻微短促震动 (Haptic Amplitude: 0.3, Duration: 0.1s)。
【视觉变化】内部/核心结构材质自动高亮发光 (Emission: +2.0)，其他部分 Alpha 降至 0.2 变透明。
【空间音效】伴随旋转动作触发 3D 空间音效 (Spatial Audio)，并由近场语音播报“Appliance”。"
Mechanism	机制	"【VR环境】1:1比例虚拟陈列室，物体悬浮于玩家胸前高度 (Y=1.2m)。
【网格/材质】精细PBR材质，高多边形模型。开启环境光遮蔽(AO)。
【交互组件】配置 OVRGrabber/XR Grab Interactable，启用碰撞体，设定抓取锚点 (Grab Point)。
【听觉/视觉】安静环境音，模型呈慢速自转Idle状态 (5 RPM)。"	"【VR动作】玩家使用VR手柄按下 Grip 键抓取，通过手腕自然扭动进行 6DoF 多角度翻看。
【触觉反馈】抓取瞬间手柄触发轻微短促震动 (Haptic Amplitude: 0.3, Duration: 0.1s)。
【视觉变化】内部/核心结构材质自动高亮发光 (Emission: +2.0)，其他部分 Alpha 降至 0.2 变透明。
【空间音效】伴随旋转动作触发 3D 空间音效 (Spatial Audio)，并由近场语音播报“Mechanism”。"
Engine	引擎	"【VR环境】1:1比例虚拟陈列室，物体悬浮于玩家胸前高度 (Y=1.2m)。
【网格/材质】精细PBR材质，高多边形模型。开启环境光遮蔽(AO)。
【交互组件】配置 OVRGrabber/XR Grab Interactable，启用碰撞体，设定抓取锚点 (Grab Point)。
【听觉/视觉】安静环境音，模型呈慢速自转Idle状态 (5 RPM)。"	"【VR动作】玩家使用VR手柄按下 Grip 键抓取，通过手腕自然扭动进行 6DoF 多角度翻看。
【触觉反馈】抓取瞬间手柄触发轻微短促震动 (Haptic Amplitude: 0.3, Duration: 0.1s)。
【视觉变化】内部/核心结构材质自动高亮发光 (Emission: +2.0)，其他部分 Alpha 降至 0.2 变透明。
【空间音效】伴随旋转动作触发 3D 空间音效 (Spatial Audio)，并由近场语音播报“Engine”。"
Turbine	涡轮	"【VR环境】1:1比例虚拟陈列室，物体悬浮于玩家胸前高度 (Y=1.2m)。
【网格/材质】精细PBR材质，高多边形模型。开启环境光遮蔽(AO)。
【交互组件】配置 OVRGrabber/XR Grab Interactable，启用碰撞体，设定抓取锚点 (Grab Point)。
【听觉/视觉】安静环境音，模型呈慢速自转Idle状态 (5 RPM)。"	"【VR动作】玩家使用VR手柄按下 Grip 键抓取，通过手腕自然扭动进行 6DoF 多角度翻看。
【触觉反馈】抓取瞬间手柄触发轻微短促震动 (Haptic Amplitude: 0.3, Duration: 0.1s)。
【视觉变化】内部/核心结构材质自动高亮发光 (Emission: +2.0)，其他部分 Alpha 降至 0.2 变透明。
【空间音效】伴随旋转动作触发 3D 空间音效 (Spatial Audio)，并由近场语音播报“Turbine”。"
Generator	发电机	"【VR环境】1:1比例虚拟陈列室，物体悬浮于玩家胸前高度 (Y=1.2m)。
【网格/材质】精细PBR材质，高多边形模型。开启环境光遮蔽(AO)。
【交互组件】配置 OVRGrabber/XR Grab Interactable，启用碰撞体，设定抓取锚点 (Grab Point)。
【听觉/视觉】安静环境音，模型呈慢速自转Idle状态 (5 RPM)。"	"【VR动作】玩家使用VR手柄按下 Grip 键抓取，通过手腕自然扭动进行 6DoF 多角度翻看。
【触觉反馈】抓取瞬间手柄触发轻微短促震动 (Haptic Amplitude: 0.3, Duration: 0.1s)。
【视觉变化】内部/核心结构材质自动高亮发光 (Emission: +2.0)，其他部分 Alpha 降至 0.2 变透明。
【空间音效】伴随旋转动作触发 3D 空间音效 (Spatial Audio)，并由近场语音播报“Generator”。"
Circuit	电路	"【VR环境】1:1比例虚拟陈列室，物体悬浮于玩家胸前高度 (Y=1.2m)。
【网格/材质】精细PBR材质，高多边形模型。开启环境光遮蔽(AO)。
【交互组件】配置 OVRGrabber/XR Grab Interactable，启用碰撞体，设定抓取锚点 (Grab Point)。
【听觉/视觉】安静环境音，模型呈慢速自转Idle状态 (5 RPM)。"	"【VR动作】玩家使用VR手柄按下 Grip 键抓取，通过手腕自然扭动进行 6DoF 多角度翻看。
【触觉反馈】抓取瞬间手柄触发轻微短促震动 (Haptic Amplitude: 0.3, Duration: 0.1s)。
【视觉变化】内部/核心结构材质自动高亮发光 (Emission: +2.0)，其他部分 Alpha 降至 0.2 变透明。
【空间音效】伴随旋转动作触发 3D 空间音效 (Spatial Audio)，并由近场语音播报“Circuit”。"
Chip	芯片	"【VR环境】1:1比例虚拟陈列室，物体悬浮于玩家胸前高度 (Y=1.2m)。
【网格/材质】精细PBR材质，高多边形模型。开启环境光遮蔽(AO)。
【交互组件】配置 OVRGrabber/XR Grab Interactable，启用碰撞体，设定抓取锚点 (Grab Point)。
【听觉/视觉】安静环境音，模型呈慢速自转Idle状态 (5 RPM)。"	"【VR动作】玩家使用VR手柄按下 Grip 键抓取，通过手腕自然扭动进行 6DoF 多角度翻看。
【触觉反馈】抓取瞬间手柄触发轻微短促震动 (Haptic Amplitude: 0.3, Duration: 0.1s)。
【视觉变化】内部/核心结构材质自动高亮发光 (Emission: +2.0)，其他部分 Alpha 降至 0.2 变透明。
【空间音效】伴随旋转动作触发 3D 空间音效 (Spatial Audio)，并由近场语音播报“Chip”。"
Hardware	硬件	"【VR环境】1:1比例虚拟陈列室，物体悬浮于玩家胸前高度 (Y=1.2m)。
【网格/材质】精细PBR材质，高多边形模型。开启环境光遮蔽(AO)。
【交互组件】配置 OVRGrabber/XR Grab Interactable，启用碰撞体，设定抓取锚点 (Grab Point)。
【听觉/视觉】安静环境音，模型呈慢速自转Idle状态 (5 RPM)。"	"【VR动作】玩家使用VR手柄按下 Grip 键抓取，通过手腕自然扭动进行 6DoF 多角度翻看。
【触觉反馈】抓取瞬间手柄触发轻微短促震动 (Haptic Amplitude: 0.3, Duration: 0.1s)。
【视觉变化】内部/核心结构材质自动高亮发光 (Emission: +2.0)，其他部分 Alpha 降至 0.2 变透明。
【空间音效】伴随旋转动作触发 3D 空间音效 (Spatial Audio)，并由近场语音播报“Hardware”。"
Atom	原子	"【VR环境】1:1比例虚拟陈列室，物体悬浮于玩家胸前高度 (Y=1.2m)。
【网格/材质】精细PBR材质，高多边形模型。开启环境光遮蔽(AO)。
【交互组件】配置 OVRGrabber/XR Grab Interactable，启用碰撞体，设定抓取锚点 (Grab Point)。
【听觉/视觉】安静环境音，模型呈慢速自转Idle状态 (5 RPM)。"	"【VR动作】玩家使用VR手柄按下 Grip 键抓取，通过手腕自然扭动进行 6DoF 多角度翻看。
【触觉反馈】抓取瞬间手柄触发轻微短促震动 (Haptic Amplitude: 0.3, Duration: 0.1s)。
【视觉变化】内部/核心结构材质自动高亮发光 (Emission: +2.0)，其他部分 Alpha 降至 0.2 变透明。
【空间音效】伴随旋转动作触发 3D 空间音效 (Spatial Audio)，并由近场语音播报“Atom”。"
Molecule	分子	"【VR环境】1:1比例虚拟陈列室，物体悬浮于玩家胸前高度 (Y=1.2m)。
【网格/材质】精细PBR材质，高多边形模型。开启环境光遮蔽(AO)。
【交互组件】配置 OVRGrabber/XR Grab Interactable，启用碰撞体，设定抓取锚点 (Grab Point)。
【听觉/视觉】安静环境音，模型呈慢速自转Idle状态 (5 RPM)。"	"【VR动作】玩家使用VR手柄按下 Grip 键抓取，通过手腕自然扭动进行 6DoF 多角度翻看。
【触觉反馈】抓取瞬间手柄触发轻微短促震动 (Haptic Amplitude: 0.3, Duration: 0.1s)。
【视觉变化】内部/核心结构材质自动高亮发光 (Emission: +2.0)，其他部分 Alpha 降至 0.2 变透明。
【空间音效】伴随旋转动作触发 3D 空间音效 (Spatial Audio)，并由近场语音播报“Molecule”。"
Gear	齿轮	"【VR环境】1:1比例虚拟陈列室，物体悬浮于玩家胸前高度 (Y=1.2m)。
【网格/材质】精细PBR材质，高多边形模型。开启环境光遮蔽(AO)。
【交互组件】配置 OVRGrabber/XR Grab Interactable，启用碰撞体，设定抓取锚点 (Grab Point)。
【听觉/视觉】安静环境音，模型呈慢速自转Idle状态 (5 RPM)。"	"【VR动作】玩家使用VR手柄按下 Grip 键抓取，通过手腕自然扭动进行 6DoF 多角度翻看。
【触觉反馈】抓取瞬间手柄触发轻微短促震动 (Haptic Amplitude: 0.3, Duration: 0.1s)。
【视觉变化】内部/核心结构材质自动高亮发光 (Emission: +2.0)，其他部分 Alpha 降至 0.2 变透明。
【空间音效】伴随旋转动作触发 3D 空间音效 (Spatial Audio)，并由近场语音播报“Gear”。"
Lever	杠杆	"【VR环境】1:1比例虚拟陈列室，物体悬浮于玩家胸前高度 (Y=1.2m)。
【网格/材质】精细PBR材质，高多边形模型。开启环境光遮蔽(AO)。
【交互组件】配置 OVRGrabber/XR Grab Interactable，启用碰撞体，设定抓取锚点 (Grab Point)。
【听觉/视觉】安静环境音，模型呈慢速自转Idle状态 (5 RPM)。"	"【VR动作】玩家使用VR手柄按下 Grip 键抓取，通过手腕自然扭动进行 6DoF 多角度翻看。
【触觉反馈】抓取瞬间手柄触发轻微短促震动 (Haptic Amplitude: 0.3, Duration: 0.1s)。
【视觉变化】内部/核心结构材质自动高亮发光 (Emission: +2.0)，其他部分 Alpha 降至 0.2 变透明。
【空间音效】伴随旋转动作触发 3D 空间音效 (Spatial Audio)，并由近场语音播报“Lever”。"
Pendulum	钟摆	"【VR环境】1:1比例虚拟陈列室，物体悬浮于玩家胸前高度 (Y=1.2m)。
【网格/材质】精细PBR材质，高多边形模型。开启环境光遮蔽(AO)。
【交互组件】配置 OVRGrabber/XR Grab Interactable，启用碰撞体，设定抓取锚点 (Grab Point)。
【听觉/视觉】安静环境音，模型呈慢速自转Idle状态 (5 RPM)。"	"【VR动作】玩家使用VR手柄按下 Grip 键抓取，通过手腕自然扭动进行 6DoF 多角度翻看。
【触觉反馈】抓取瞬间手柄触发轻微短促震动 (Haptic Amplitude: 0.3, Duration: 0.1s)。
【视觉变化】内部/核心结构材质自动高亮发光 (Emission: +2.0)，其他部分 Alpha 降至 0.2 变透明。
【空间音效】伴随旋转动作触发 3D 空间音效 (Spatial Audio)，并由近场语音播报“Pendulum”。"
Pulley	滑轮	"【VR环境】1:1比例虚拟陈列室，物体悬浮于玩家胸前高度 (Y=1.2m)。
【网格/材质】精细PBR材质，高多边形模型。开启环境光遮蔽(AO)。
【交互组件】配置 OVRGrabber/XR Grab Interactable，启用碰撞体，设定抓取锚点 (Grab Point)。
【听觉/视觉】安静环境音，模型呈慢速自转Idle状态 (5 RPM)。"	"【VR动作】玩家使用VR手柄按下 Grip 键抓取，通过手腕自然扭动进行 6DoF 多角度翻看。
【触觉反馈】抓取瞬间手柄触发轻微短促震动 (Haptic Amplitude: 0.3, Duration: 0.1s)。
【视觉变化】内部/核心结构材质自动高亮发光 (Emission: +2.0)，其他部分 Alpha 降至 0.2 变透明。
【空间音效】伴随旋转动作触发 3D 空间音效 (Spatial Audio)，并由近场语音播报“Pulley”。"
Spring	弹簧	"【VR环境】1:1比例虚拟陈列室，物体悬浮于玩家胸前高度 (Y=1.2m)。
【网格/材质】精细PBR材质，高多边形模型。开启环境光遮蔽(AO)。
【交互组件】配置 OVRGrabber/XR Grab Interactable，启用碰撞体，设定抓取锚点 (Grab Point)。
【听觉/视觉】安静环境音，模型呈慢速自转Idle状态 (5 RPM)。"	"【VR动作】玩家使用VR手柄按下 Grip 键抓取，通过手腕自然扭动进行 6DoF 多角度翻看。
【触觉反馈】抓取瞬间手柄触发轻微短促震动 (Haptic Amplitude: 0.3, Duration: 0.1s)。
【视觉变化】内部/核心结构材质自动高亮发光 (Emission: +2.0)，其他部分 Alpha 降至 0.2 变透明。
【空间音效】伴随旋转动作触发 3D 空间音效 (Spatial Audio)，并由近场语音播报“Spring”。"
Valve	阀门	"【VR环境】1:1比例虚拟陈列室，物体悬浮于玩家胸前高度 (Y=1.2m)。
【网格/材质】精细PBR材质，高多边形模型。开启环境光遮蔽(AO)。
【交互组件】配置 OVRGrabber/XR Grab Interactable，启用碰撞体，设定抓取锚点 (Grab Point)。
【听觉/视觉】安静环境音，模型呈慢速自转Idle状态 (5 RPM)。"	"【VR动作】玩家使用VR手柄按下 Grip 键抓取，通过手腕自然扭动进行 6DoF 多角度翻看。
【触觉反馈】抓取瞬间手柄触发轻微短促震动 (Haptic Amplitude: 0.3, Duration: 0.1s)。
【视觉变化】内部/核心结构材质自动高亮发光 (Emission: +2.0)，其他部分 Alpha 降至 0.2 变透明。
【空间音效】伴随旋转动作触发 3D 空间音效 (Spatial Audio)，并由近场语音播报“Valve”。"
Lens	透镜	"【VR环境】1:1比例虚拟陈列室，物体悬浮于玩家胸前高度 (Y=1.2m)。
【网格/材质】精细PBR材质，高多边形模型。开启环境光遮蔽(AO)。
【交互组件】配置 OVRGrabber/XR Grab Interactable，启用碰撞体，设定抓取锚点 (Grab Point)。
【听觉/视觉】安静环境音，模型呈慢速自转Idle状态 (5 RPM)。"	"【VR动作】玩家使用VR手柄按下 Grip 键抓取，通过手腕自然扭动进行 6DoF 多角度翻看。
【触觉反馈】抓取瞬间手柄触发轻微短促震动 (Haptic Amplitude: 0.3, Duration: 0.1s)。
【视觉变化】内部/核心结构材质自动高亮发光 (Emission: +2.0)，其他部分 Alpha 降至 0.2 变透明。
【空间音效】伴随旋转动作触发 3D 空间音效 (Spatial Audio)，并由近场语音播报“Lens”。"
Prism	棱镜	"【VR环境】1:1比例虚拟陈列室，物体悬浮于玩家胸前高度 (Y=1.2m)。
【网格/材质】精细PBR材质，高多边形模型。开启环境光遮蔽(AO)。
【交互组件】配置 OVRGrabber/XR Grab Interactable，启用碰撞体，设定抓取锚点 (Grab Point)。
【听觉/视觉】安静环境音，模型呈慢速自转Idle状态 (5 RPM)。"	"【VR动作】玩家使用VR手柄按下 Grip 键抓取，通过手腕自然扭动进行 6DoF 多角度翻看。
【触觉反馈】抓取瞬间手柄触发轻微短促震动 (Haptic Amplitude: 0.3, Duration: 0.1s)。
【视觉变化】内部/核心结构材质自动高亮发光 (Emission: +2.0)，其他部分 Alpha 降至 0.2 变透明。
【空间音效】伴随旋转动作触发 3D 空间音效 (Spatial Audio)，并由近场语音播报“Prism”。"
Mirror	镜子	"【VR环境】1:1比例虚拟陈列室，物体悬浮于玩家胸前高度 (Y=1.2m)。
【网格/材质】精细PBR材质，高多边形模型。开启环境光遮蔽(AO)。
【交互组件】配置 OVRGrabber/XR Grab Interactable，启用碰撞体，设定抓取锚点 (Grab Point)。
【听觉/视觉】安静环境音，模型呈慢速自转Idle状态 (5 RPM)。"	"【VR动作】玩家使用VR手柄按下 Grip 键抓取，通过手腕自然扭动进行 6DoF 多角度翻看。
【触觉反馈】抓取瞬间手柄触发轻微短促震动 (Haptic Amplitude: 0.3, Duration: 0.1s)。
【视觉变化】内部/核心结构材质自动高亮发光 (Emission: +2.0)，其他部分 Alpha 降至 0.2 变透明。
【空间音效】伴随旋转动作触发 3D 空间音效 (Spatial Audio)，并由近场语音播报“Mirror”。"
Vacuum	真空	"【VR环境】1:1比例虚拟陈列室，物体悬浮于玩家胸前高度 (Y=1.2m)。
【网格/材质】精细PBR材质，高多边形模型。开启环境光遮蔽(AO)。
【交互组件】配置 OVRGrabber/XR Grab Interactable，启用碰撞体，设定抓取锚点 (Grab Point)。
【听觉/视觉】安静环境音，模型呈慢速自转Idle状态 (5 RPM)。"	"【VR动作】玩家使用VR手柄按下 Grip 键抓取，通过手腕自然扭动进行 6DoF 多角度翻看。
【触觉反馈】抓取瞬间手柄触发轻微短促震动 (Haptic Amplitude: 0.3, Duration: 0.1s)。
【视觉变化】内部/核心结构材质自动高亮发光 (Emission: +2.0)，其他部分 Alpha 降至 0.2 变透明。
【空间音效】伴随旋转动作触发 3D 空间音效 (Spatial Audio)，并由近场语音播报“Vacuum”。"
Vehicle	车辆	"【VR环境】1:1比例虚拟陈列室，物体悬浮于玩家胸前高度 (Y=1.2m)。
【网格/材质】精细PBR材质，高多边形模型。开启环境光遮蔽(AO)。
【交互组件】配置 OVRGrabber/XR Grab Interactable，启用碰撞体，设定抓取锚点 (Grab Point)。
【听觉/视觉】安静环境音，模型呈慢速自转Idle状态 (5 RPM)。"	"【VR动作】玩家使用VR手柄按下 Grip 键抓取，通过手腕自然扭动进行 6DoF 多角度翻看。
【触觉反馈】抓取瞬间手柄触发轻微短促震动 (Haptic Amplitude: 0.3, Duration: 0.1s)。
【视觉变化】内部/核心结构材质自动高亮发光 (Emission: +2.0)，其他部分 Alpha 降至 0.2 变透明。
【空间音效】伴随旋转动作触发 3D 空间音效 (Spatial Audio)，并由近场语音播报“Vehicle”。"
Submarine	潜艇	"【VR环境】1:1比例虚拟陈列室，物体悬浮于玩家胸前高度 (Y=1.2m)。
【网格/材质】精细PBR材质，高多边形模型。开启环境光遮蔽(AO)。
【交互组件】配置 OVRGrabber/XR Grab Interactable，启用碰撞体，设定抓取锚点 (Grab Point)。
【听觉/视觉】安静环境音，模型呈慢速自转Idle状态 (5 RPM)。"	"【VR动作】玩家使用VR手柄按下 Grip 键抓取，通过手腕自然扭动进行 6DoF 多角度翻看。
【触觉反馈】抓取瞬间手柄触发轻微短促震动 (Haptic Amplitude: 0.3, Duration: 0.1s)。
【视觉变化】内部/核心结构材质自动高亮发光 (Emission: +2.0)，其他部分 Alpha 降至 0.2 变透明。
【空间音效】伴随旋转动作触发 3D 空间音效 (Spatial Audio)，并由近场语音播报“Submarine”。"
Aircraft	飞机	"【VR环境】1:1比例虚拟陈列室，物体悬浮于玩家胸前高度 (Y=1.2m)。
【网格/材质】精细PBR材质，高多边形模型。开启环境光遮蔽(AO)。
【交互组件】配置 OVRGrabber/XR Grab Interactable，启用碰撞体，设定抓取锚点 (Grab Point)。
【听觉/视觉】安静环境音，模型呈慢速自转Idle状态 (5 RPM)。"	"【VR动作】玩家使用VR手柄按下 Grip 键抓取，通过手腕自然扭动进行 6DoF 多角度翻看。
【触觉反馈】抓取瞬间手柄触发轻微短促震动 (Haptic Amplitude: 0.3, Duration: 0.1s)。
【视觉变化】内部/核心结构材质自动高亮发光 (Emission: +2.0)，其他部分 Alpha 降至 0.2 变透明。
【空间音效】伴随旋转动作触发 3D 空间音效 (Spatial Audio)，并由近场语音播报“Aircraft”。"
Drone	无人机	"【VR环境】1:1比例虚拟陈列室，物体悬浮于玩家胸前高度 (Y=1.2m)。
【网格/材质】精细PBR材质，高多边形模型。开启环境光遮蔽(AO)。
【交互组件】配置 OVRGrabber/XR Grab Interactable，启用碰撞体，设定抓取锚点 (Grab Point)。
【听觉/视觉】安静环境音，模型呈慢速自转Idle状态 (5 RPM)。"	"【VR动作】玩家使用VR手柄按下 Grip 键抓取，通过手腕自然扭动进行 6DoF 多角度翻看。
【触觉反馈】抓取瞬间手柄触发轻微短促震动 (Haptic Amplitude: 0.3, Duration: 0.1s)。
【视觉变化】内部/核心结构材质自动高亮发光 (Emission: +2.0)，其他部分 Alpha 降至 0.2 变透明。
【空间音效】伴随旋转动作触发 3D 空间音效 (Spatial Audio)，并由近场语音播报“Drone”。"
Wheel	轮子	"【VR环境】1:1比例虚拟陈列室，物体悬浮于玩家胸前高度 (Y=1.2m)。
【网格/材质】精细PBR材质，高多边形模型。开启环境光遮蔽(AO)。
【交互组件】配置 OVRGrabber/XR Grab Interactable，启用碰撞体，设定抓取锚点 (Grab Point)。
【听觉/视觉】安静环境音，模型呈慢速自转Idle状态 (5 RPM)。"	"【VR动作】玩家使用VR手柄按下 Grip 键抓取，通过手腕自然扭动进行 6DoF 多角度翻看。
【触觉反馈】抓取瞬间手柄触发轻微短促震动 (Haptic Amplitude: 0.3, Duration: 0.1s)。
【视觉变化】内部/核心结构材质自动高亮发光 (Emission: +2.0)，其他部分 Alpha 降至 0.2 变透明。
【空间音效】伴随旋转动作触发 3D 空间音效 (Spatial Audio)，并由近场语音播报“Wheel”。"
Brake	刹车	"【VR环境】1:1比例虚拟陈列室，物体悬浮于玩家胸前高度 (Y=1.2m)。
【网格/材质】精细PBR材质，高多边形模型。开启环境光遮蔽(AO)。
【交互组件】配置 OVRGrabber/XR Grab Interactable，启用碰撞体，设定抓取锚点 (Grab Point)。
【听觉/视觉】安静环境音，模型呈慢速自转Idle状态 (5 RPM)。"	"【VR动作】玩家使用VR手柄按下 Grip 键抓取，通过手腕自然扭动进行 6DoF 多角度翻看。
【触觉反馈】抓取瞬间手柄触发轻微短促震动 (Haptic Amplitude: 0.3, Duration: 0.1s)。
【视觉变化】内部/核心结构材质自动高亮发光 (Emission: +2.0)，其他部分 Alpha 降至 0.2 变透明。
【空间音效】伴随旋转动作触发 3D 空间音效 (Spatial Audio)，并由近场语音播报“Brake”。"
Suspension	悬挂	"【VR环境】1:1比例虚拟陈列室，物体悬浮于玩家胸前高度 (Y=1.2m)。
【网格/材质】精细PBR材质，高多边形模型。开启环境光遮蔽(AO)。
【交互组件】配置 OVRGrabber/XR Grab Interactable，启用碰撞体，设定抓取锚点 (Grab Point)。
【听觉/视觉】安静环境音，模型呈慢速自转Idle状态 (5 RPM)。"	"【VR动作】玩家使用VR手柄按下 Grip 键抓取，通过手腕自然扭动进行 6DoF 多角度翻看。
【触觉反馈】抓取瞬间手柄触发轻微短促震动 (Haptic Amplitude: 0.3, Duration: 0.1s)。
【视觉变化】内部/核心结构材质自动高亮发光 (Emission: +2.0)，其他部分 Alpha 降至 0.2 变透明。
【空间音效】伴随旋转动作触发 3D 空间音效 (Spatial Audio)，并由近场语音播报“Suspension”。"
Exhaust	排气	"【VR环境】1:1比例虚拟陈列室，物体悬浮于玩家胸前高度 (Y=1.2m)。
【网格/材质】精细PBR材质，高多边形模型。开启环境光遮蔽(AO)。
【交互组件】配置 OVRGrabber/XR Grab Interactable，启用碰撞体，设定抓取锚点 (Grab Point)。
【听觉/视觉】安静环境音，模型呈慢速自转Idle状态 (5 RPM)。"	"【VR动作】玩家使用VR手柄按下 Grip 键抓取，通过手腕自然扭动进行 6DoF 多角度翻看。
【触觉反馈】抓取瞬间手柄触发轻微短促震动 (Haptic Amplitude: 0.3, Duration: 0.1s)。
【视觉变化】内部/核心结构材质自动高亮发光 (Emission: +2.0)，其他部分 Alpha 降至 0.2 变透明。
【空间音效】伴随旋转动作触发 3D 空间音效 (Spatial Audio)，并由近场语音播报“Exhaust”。"
Microscope	显微镜	"【VR环境】1:1比例虚拟陈列室，物体悬浮于玩家胸前高度 (Y=1.2m)。
【网格/材质】精细PBR材质，高多边形模型。开启环境光遮蔽(AO)。
【交互组件】配置 OVRGrabber/XR Grab Interactable，启用碰撞体，设定抓取锚点 (Grab Point)。
【听觉/视觉】安静环境音，模型呈慢速自转Idle状态 (5 RPM)。"	"【VR动作】玩家使用VR手柄按下 Grip 键抓取，通过手腕自然扭动进行 6DoF 多角度翻看。
【触觉反馈】抓取瞬间手柄触发轻微短促震动 (Haptic Amplitude: 0.3, Duration: 0.1s)。
【视觉变化】内部/核心结构材质自动高亮发光 (Emission: +2.0)，其他部分 Alpha 降至 0.2 变透明。
【空间音效】伴随旋转动作触发 3D 空间音效 (Spatial Audio)，并由近场语音播报“Microscope”。"
Thermometer	温度计	"【VR环境】1:1比例虚拟陈列室，物体悬浮于玩家胸前高度 (Y=1.2m)。
【网格/材质】精细PBR材质，高多边形模型。开启环境光遮蔽(AO)。
【交互组件】配置 OVRGrabber/XR Grab Interactable，启用碰撞体，设定抓取锚点 (Grab Point)。
【听觉/视觉】安静环境音，模型呈慢速自转Idle状态 (5 RPM)。"	"【VR动作】玩家使用VR手柄按下 Grip 键抓取，通过手腕自然扭动进行 6DoF 多角度翻看。
【触觉反馈】抓取瞬间手柄触发轻微短促震动 (Haptic Amplitude: 0.3, Duration: 0.1s)。
【视觉变化】内部/核心结构材质自动高亮发光 (Emission: +2.0)，其他部分 Alpha 降至 0.2 变透明。
【空间音效】伴随旋转动作触发 3D 空间音效 (Spatial Audio)，并由近场语音播报“Thermometer”。"
Barometer	气压计	"【VR环境】1:1比例虚拟陈列室，物体悬浮于玩家胸前高度 (Y=1.2m)。
【网格/材质】精细PBR材质，高多边形模型。开启环境光遮蔽(AO)。
【交互组件】配置 OVRGrabber/XR Grab Interactable，启用碰撞体，设定抓取锚点 (Grab Point)。
【听觉/视觉】安静环境音，模型呈慢速自转Idle状态 (5 RPM)。"	"【VR动作】玩家使用VR手柄按下 Grip 键抓取，通过手腕自然扭动进行 6DoF 多角度翻看。
【触觉反馈】抓取瞬间手柄触发轻微短促震动 (Haptic Amplitude: 0.3, Duration: 0.1s)。
【视觉变化】内部/核心结构材质自动高亮发光 (Emission: +2.0)，其他部分 Alpha 降至 0.2 变透明。
【空间音效】伴随旋转动作触发 3D 空间音效 (Spatial Audio)，并由近场语音播报“Barometer”。"
Compass	指南针	"【VR环境】1:1比例虚拟陈列室，物体悬浮于玩家胸前高度 (Y=1.2m)。
【网格/材质】精细PBR材质，高多边形模型。开启环境光遮蔽(AO)。
【交互组件】配置 OVRGrabber/XR Grab Interactable，启用碰撞体，设定抓取锚点 (Grab Point)。
【听觉/视觉】安静环境音，模型呈慢速自转Idle状态 (5 RPM)。"	"【VR动作】玩家使用VR手柄按下 Grip 键抓取，通过手腕自然扭动进行 6DoF 多角度翻看。
【触觉反馈】抓取瞬间手柄触发轻微短促震动 (Haptic Amplitude: 0.3, Duration: 0.1s)。
【视觉变化】内部/核心结构材质自动高亮发光 (Emission: +2.0)，其他部分 Alpha 降至 0.2 变透明。
【空间音效】伴随旋转动作触发 3D 空间音效 (Spatial Audio)，并由近场语音播报“Compass”。"
Syringe	注射器	"【VR环境】1:1比例虚拟陈列室，物体悬浮于玩家胸前高度 (Y=1.2m)。
【网格/材质】精细PBR材质，高多边形模型。开启环境光遮蔽(AO)。
【交互组件】配置 OVRGrabber/XR Grab Interactable，启用碰撞体，设定抓取锚点 (Grab Point)。
【听觉/视觉】安静环境音，模型呈慢速自转Idle状态 (5 RPM)。"	"【VR动作】玩家使用VR手柄按下 Grip 键抓取，通过手腕自然扭动进行 6DoF 多角度翻看。
【触觉反馈】抓取瞬间手柄触发轻微短促震动 (Haptic Amplitude: 0.3, Duration: 0.1s)。
【视觉变化】内部/核心结构材质自动高亮发光 (Emission: +2.0)，其他部分 Alpha 降至 0.2 变透明。
【空间音效】伴随旋转动作触发 3D 空间音效 (Spatial Audio)，并由近场语音播报“Syringe”。"
Stethoscope	听诊器	"【VR环境】1:1比例虚拟陈列室，物体悬浮于玩家胸前高度 (Y=1.2m)。
【网格/材质】精细PBR材质，高多边形模型。开启环境光遮蔽(AO)。
【交互组件】配置 OVRGrabber/XR Grab Interactable，启用碰撞体，设定抓取锚点 (Grab Point)。
【听觉/视觉】安静环境音，模型呈慢速自转Idle状态 (5 RPM)。"	"【VR动作】玩家使用VR手柄按下 Grip 键抓取，通过手腕自然扭动进行 6DoF 多角度翻看。
【触觉反馈】抓取瞬间手柄触发轻微短促震动 (Haptic Amplitude: 0.3, Duration: 0.1s)。
【视觉变化】内部/核心结构材质自动高亮发光 (Emission: +2.0)，其他部分 Alpha 降至 0.2 变透明。
【空间音效】伴随旋转动作触发 3D 空间音效 (Spatial Audio)，并由近场语音播报“Stethoscope”。"
Sphere	球体	"【VR环境】1:1比例虚拟陈列室，物体悬浮于玩家胸前高度 (Y=1.2m)。
【网格/材质】精细PBR材质，高多边形模型。开启环境光遮蔽(AO)。
【交互组件】配置 OVRGrabber/XR Grab Interactable，启用碰撞体，设定抓取锚点 (Grab Point)。
【听觉/视觉】安静环境音，模型呈慢速自转Idle状态 (5 RPM)。"	"【VR动作】玩家使用VR手柄按下 Grip 键抓取，通过手腕自然扭动进行 6DoF 多角度翻看。
【触觉反馈】抓取瞬间手柄触发轻微短促震动 (Haptic Amplitude: 0.3, Duration: 0.1s)。
【视觉变化】内部/核心结构材质自动高亮发光 (Emission: +2.0)，其他部分 Alpha 降至 0.2 变透明。
【空间音效】伴随旋转动作触发 3D 空间音效 (Spatial Audio)，并由近场语音播报“Sphere”。"
Cylinder	圆柱体	"【VR环境】1:1比例虚拟陈列室，物体悬浮于玩家胸前高度 (Y=1.2m)。
【网格/材质】精细PBR材质，高多边形模型。开启环境光遮蔽(AO)。
【交互组件】配置 OVRGrabber/XR Grab Interactable，启用碰撞体，设定抓取锚点 (Grab Point)。
【听觉/视觉】安静环境音，模型呈慢速自转Idle状态 (5 RPM)。"	"【VR动作】玩家使用VR手柄按下 Grip 键抓取，通过手腕自然扭动进行 6DoF 多角度翻看。
【触觉反馈】抓取瞬间手柄触发轻微短促震动 (Haptic Amplitude: 0.3, Duration: 0.1s)。
【视觉变化】内部/核心结构材质自动高亮发光 (Emission: +2.0)，其他部分 Alpha 降至 0.2 变透明。
【空间音效】伴随旋转动作触发 3D 空间音效 (Spatial Audio)，并由近场语音播报“Cylinder”。"
Cone	圆锥体	"【VR环境】1:1比例虚拟陈列室，物体悬浮于玩家胸前高度 (Y=1.2m)。
【网格/材质】精细PBR材质，高多边形模型。开启环境光遮蔽(AO)。
【交互组件】配置 OVRGrabber/XR Grab Interactable，启用碰撞体，设定抓取锚点 (Grab Point)。
【听觉/视觉】安静环境音，模型呈慢速自转Idle状态 (5 RPM)。"	"【VR动作】玩家使用VR手柄按下 Grip 键抓取，通过手腕自然扭动进行 6DoF 多角度翻看。
【触觉反馈】抓取瞬间手柄触发轻微短促震动 (Haptic Amplitude: 0.3, Duration: 0.1s)。
【视觉变化】内部/核心结构材质自动高亮发光 (Emission: +2.0)，其他部分 Alpha 降至 0.2 变透明。
【空间音效】伴随旋转动作触发 3D 空间音效 (Spatial Audio)，并由近场语音播报“Cone”。"
Spiral	螺旋	"【VR环境】1:1比例虚拟陈列室，物体悬浮于玩家胸前高度 (Y=1.2m)。
【网格/材质】精细PBR材质，高多边形模型。开启环境光遮蔽(AO)。
【交互组件】配置 OVRGrabber/XR Grab Interactable，启用碰撞体，设定抓取锚点 (Grab Point)。
【听觉/视觉】安静环境音，模型呈慢速自转Idle状态 (5 RPM)。"	"【VR动作】玩家使用VR手柄按下 Grip 键抓取，通过手腕自然扭动进行 6DoF 多角度翻看。
【触觉反馈】抓取瞬间手柄触发轻微短促震动 (Haptic Amplitude: 0.3, Duration: 0.1s)。
【视觉变化】内部/核心结构材质自动高亮发光 (Emission: +2.0)，其他部分 Alpha 降至 0.2 变透明。
【空间音效】伴随旋转动作触发 3D 空间音效 (Spatial Audio)，并由近场语音播报“Spiral”。"
Diamond	钻石	"【VR环境】1:1比例虚拟陈列室，物体悬浮于玩家胸前高度 (Y=1.2m)。
【网格/材质】精细PBR材质，高多边形模型。开启环境光遮蔽(AO)。
【交互组件】配置 OVRGrabber/XR Grab Interactable，启用碰撞体，设定抓取锚点 (Grab Point)。
【听觉/视觉】安静环境音，模型呈慢速自转Idle状态 (5 RPM)。"	"【VR动作】玩家使用VR手柄按下 Grip 键抓取，通过手腕自然扭动进行 6DoF 多角度翻看。
【触觉反馈】抓取瞬间手柄触发轻微短促震动 (Haptic Amplitude: 0.3, Duration: 0.1s)。
【视觉变化】内部/核心结构材质自动高亮发光 (Emission: +2.0)，其他部分 Alpha 降至 0.2 变透明。
【空间音效】伴随旋转动作触发 3D 空间音效 (Spatial Audio)，并由近场语音播报“Diamond”。"
Coal	煤	"【VR环境】1:1比例虚拟陈列室，物体悬浮于玩家胸前高度 (Y=1.2m)。
【网格/材质】精细PBR材质，高多边形模型。开启环境光遮蔽(AO)。
【交互组件】配置 OVRGrabber/XR Grab Interactable，启用碰撞体，设定抓取锚点 (Grab Point)。
【听觉/视觉】安静环境音，模型呈慢速自转Idle状态 (5 RPM)。"	"【VR动作】玩家使用VR手柄按下 Grip 键抓取，通过手腕自然扭动进行 6DoF 多角度翻看。
【触觉反馈】抓取瞬间手柄触发轻微短促震动 (Haptic Amplitude: 0.3, Duration: 0.1s)。
【视觉变化】内部/核心结构材质自动高亮发光 (Emission: +2.0)，其他部分 Alpha 降至 0.2 变透明。
【空间音效】伴随旋转动作触发 3D 空间音效 (Spatial Audio)，并由近场语音播报“Coal”。"
Marble	大理石	"【VR环境】1:1比例虚拟陈列室，物体悬浮于玩家胸前高度 (Y=1.2m)。
【网格/材质】精细PBR材质，高多边形模型。开启环境光遮蔽(AO)。
【交互组件】配置 OVRGrabber/XR Grab Interactable，启用碰撞体，设定抓取锚点 (Grab Point)。
【听觉/视觉】安静环境音，模型呈慢速自转Idle状态 (5 RPM)。"	"【VR动作】玩家使用VR手柄按下 Grip 键抓取，通过手腕自然扭动进行 6DoF 多角度翻看。
【触觉反馈】抓取瞬间手柄触发轻微短促震动 (Haptic Amplitude: 0.3, Duration: 0.1s)。
【视觉变化】内部/核心结构材质自动高亮发光 (Emission: +2.0)，其他部分 Alpha 降至 0.2 变透明。
【空间音效】伴随旋转动作触发 3D 空间音效 (Spatial Audio)，并由近场语音播报“Marble”。"
Timber	木材	"【VR环境】1:1比例虚拟陈列室，物体悬浮于玩家胸前高度 (Y=1.2m)。
【网格/材质】精细PBR材质，高多边形模型。开启环境光遮蔽(AO)。
【交互组件】配置 OVRGrabber/XR Grab Interactable，启用碰撞体，设定抓取锚点 (Grab Point)。
【听觉/视觉】安静环境音，模型呈慢速自转Idle状态 (5 RPM)。"	"【VR动作】玩家使用VR手柄按下 Grip 键抓取，通过手腕自然扭动进行 6DoF 多角度翻看。
【触觉反馈】抓取瞬间手柄触发轻微短促震动 (Haptic Amplitude: 0.3, Duration: 0.1s)。
【视觉变化】内部/核心结构材质自动高亮发光 (Emission: +2.0)，其他部分 Alpha 降至 0.2 变透明。
【空间音效】伴随旋转动作触发 3D 空间音效 (Spatial Audio)，并由近场语音播报“Timber”。"
Textile	纺织品	"【VR环境】1:1比例虚拟陈列室，物体悬浮于玩家胸前高度 (Y=1.2m)。
【网格/材质】精细PBR材质，高多边形模型。开启环境光遮蔽(AO)。
【交互组件】配置 OVRGrabber/XR Grab Interactable，启用碰撞体，设定抓取锚点 (Grab Point)。
【听觉/视觉】安静环境音，模型呈慢速自转Idle状态 (5 RPM)。"	"【VR动作】玩家使用VR手柄按下 Grip 键抓取，通过手腕自然扭动进行 6DoF 多角度翻看。
【触觉反馈】抓取瞬间手柄触发轻微短促震动 (Haptic Amplitude: 0.3, Duration: 0.1s)。
【视觉变化】内部/核心结构材质自动高亮发光 (Emission: +2.0)，其他部分 Alpha 降至 0.2 变透明。
【空间音效】伴随旋转动作触发 3D 空间音效 (Spatial Audio)，并由近场语音播报“Textile”。"
Thread	线	"【VR环境】1:1比例虚拟陈列室，物体悬浮于玩家胸前高度 (Y=1.2m)。
【网格/材质】精细PBR材质，高多边形模型。开启环境光遮蔽(AO)。
【交互组件】配置 OVRGrabber/XR Grab Interactable，启用碰撞体，设定抓取锚点 (Grab Point)。
【听觉/视觉】安静环境音，模型呈慢速自转Idle状态 (5 RPM)。"	"【VR动作】玩家使用VR手柄按下 Grip 键抓取，通过手腕自然扭动进行 6DoF 多角度翻看。
【触觉反馈】抓取瞬间手柄触发轻微短促震动 (Haptic Amplitude: 0.3, Duration: 0.1s)。
【视觉变化】内部/核心结构材质自动高亮发光 (Emission: +2.0)，其他部分 Alpha 降至 0.2 变透明。
【空间音效】伴随旋转动作触发 3D 空间音效 (Spatial Audio)，并由近场语音播报“Thread”。"
Fiber	纤维	"【VR环境】1:1比例虚拟陈列室，物体悬浮于玩家胸前高度 (Y=1.2m)。
【网格/材质】精细PBR材质，高多边形模型。开启环境光遮蔽(AO)。
【交互组件】配置 OVRGrabber/XR Grab Interactable，启用碰撞体，设定抓取锚点 (Grab Point)。
【听觉/视觉】安静环境音，模型呈慢速自转Idle状态 (5 RPM)。"	"【VR动作】玩家使用VR手柄按下 Grip 键抓取，通过手腕自然扭动进行 6DoF 多角度翻看。
【触觉反馈】抓取瞬间手柄触发轻微短促震动 (Haptic Amplitude: 0.3, Duration: 0.1s)。
【视觉变化】内部/核心结构材质自动高亮发光 (Emission: +2.0)，其他部分 Alpha 降至 0.2 变透明。
【空间音效】伴随旋转动作触发 3D 空间音效 (Spatial Audio)，并由近场语音播报“Fiber”。"
Vessel	容器	"【VR环境】1:1比例虚拟陈列室，物体悬浮于玩家胸前高度 (Y=1.2m)。
【网格/材质】精细PBR材质，高多边形模型。开启环境光遮蔽(AO)。
【交互组件】配置 OVRGrabber/XR Grab Interactable，启用碰撞体，设定抓取锚点 (Grab Point)。
【听觉/视觉】安静环境音，模型呈慢速自转Idle状态 (5 RPM)。"	"【VR动作】玩家使用VR手柄按下 Grip 键抓取，通过手腕自然扭动进行 6DoF 多角度翻看。
【触觉反馈】抓取瞬间手柄触发轻微短促震动 (Haptic Amplitude: 0.3, Duration: 0.1s)。
【视觉变化】内部/核心结构材质自动高亮发光 (Emission: +2.0)，其他部分 Alpha 降至 0.2 变透明。
【空间音效】伴随旋转动作触发 3D 空间音效 (Spatial Audio)，并由近场语音播报“Vessel”。"
Capsule	胶囊	"【VR环境】1:1比例虚拟陈列室，物体悬浮于玩家胸前高度 (Y=1.2m)。
【网格/材质】精细PBR材质，高多边形模型。开启环境光遮蔽(AO)。
【交互组件】配置 OVRGrabber/XR Grab Interactable，启用碰撞体，设定抓取锚点 (Grab Point)。
【听觉/视觉】安静环境音，模型呈慢速自转Idle状态 (5 RPM)。"	"【VR动作】玩家使用VR手柄按下 Grip 键抓取，通过手腕自然扭动进行 6DoF 多角度翻看。
【触觉反馈】抓取瞬间手柄触发轻微短促震动 (Haptic Amplitude: 0.3, Duration: 0.1s)。
【视觉变化】内部/核心结构材质自动高亮发光 (Emission: +2.0)，其他部分 Alpha 降至 0.2 变透明。
【空间音效】伴随旋转动作触发 3D 空间音效 (Spatial Audio)，并由近场语音播报“Capsule”。"
Shield	盾牌	"【VR环境】1:1比例虚拟陈列室，物体悬浮于玩家胸前高度 (Y=1.2m)。
【网格/材质】精细PBR材质，高多边形模型。开启环境光遮蔽(AO)。
【交互组件】配置 OVRGrabber/XR Grab Interactable，启用碰撞体，设定抓取锚点 (Grab Point)。
【听觉/视觉】安静环境音，模型呈慢速自转Idle状态 (5 RPM)。"	"【VR动作】玩家使用VR手柄按下 Grip 键抓取，通过手腕自然扭动进行 6DoF 多角度翻看。
【触觉反馈】抓取瞬间手柄触发轻微短促震动 (Haptic Amplitude: 0.3, Duration: 0.1s)。
【视觉变化】内部/核心结构材质自动高亮发光 (Emission: +2.0)，其他部分 Alpha 降至 0.2 变透明。
【空间音效】伴随旋转动作触发 3D 空间音效 (Spatial Audio)，并由近场语音播报“Shield”。"
Armor	盔甲	"【VR环境】1:1比例虚拟陈列室，物体悬浮于玩家胸前高度 (Y=1.2m)。
【网格/材质】精细PBR材质，高多边形模型。开启环境光遮蔽(AO)。
【交互组件】配置 OVRGrabber/XR Grab Interactable，启用碰撞体，设定抓取锚点 (Grab Point)。
【听觉/视觉】安静环境音，模型呈慢速自转Idle状态 (5 RPM)。"	"【VR动作】玩家使用VR手柄按下 Grip 键抓取，通过手腕自然扭动进行 6DoF 多角度翻看。
【触觉反馈】抓取瞬间手柄触发轻微短促震动 (Haptic Amplitude: 0.3, Duration: 0.1s)。
【视觉变化】内部/核心结构材质自动高亮发光 (Emission: +2.0)，其他部分 Alpha 降至 0.2 变透明。
【空间音效】伴随旋转动作触发 3D 空间音效 (Spatial Audio)，并由近场语音播报“Armor”。"
Helmet	头盔	"【VR环境】1:1比例虚拟陈列室，物体悬浮于玩家胸前高度 (Y=1.2m)。
【网格/材质】精细PBR材质，高多边形模型。开启环境光遮蔽(AO)。
【交互组件】配置 OVRGrabber/XR Grab Interactable，启用碰撞体，设定抓取锚点 (Grab Point)。
【听觉/视觉】安静环境音，模型呈慢速自转Idle状态 (5 RPM)。"	"【VR动作】玩家使用VR手柄按下 Grip 键抓取，通过手腕自然扭动进行 6DoF 多角度翻看。
【触觉反馈】抓取瞬间手柄触发轻微短促震动 (Haptic Amplitude: 0.3, Duration: 0.1s)。
【视觉变化】内部/核心结构材质自动高亮发光 (Emission: +2.0)，其他部分 Alpha 降至 0.2 变透明。
【空间音效】伴随旋转动作触发 3D 空间音效 (Spatial Audio)，并由近场语音播报“Helmet”。"
Weapon	武器	"【VR环境】1:1比例虚拟陈列室，物体悬浮于玩家胸前高度 (Y=1.2m)。
【网格/材质】精细PBR材质，高多边形模型。开启环境光遮蔽(AO)。
【交互组件】配置 OVRGrabber/XR Grab Interactable，启用碰撞体，设定抓取锚点 (Grab Point)。
【听觉/视觉】安静环境音，模型呈慢速自转Idle状态 (5 RPM)。"	"【VR动作】玩家使用VR手柄按下 Grip 键抓取，通过手腕自然扭动进行 6DoF 多角度翻看。
【触觉反馈】抓取瞬间手柄触发轻微短促震动 (Haptic Amplitude: 0.3, Duration: 0.1s)。
【视觉变化】内部/核心结构材质自动高亮发光 (Emission: +2.0)，其他部分 Alpha 降至 0.2 变透明。
【空间音效】伴随旋转动作触发 3D 空间音效 (Spatial Audio)，并由近场语音播报“Weapon”。"
Backpack	背包	"【VR环境】1:1比例虚拟陈列室，物体悬浮于玩家胸前高度 (Y=1.2m)。
【网格/材质】精细PBR材质，高多边形模型。开启环境光遮蔽(AO)。
【交互组件】配置 OVRGrabber/XR Grab Interactable，启用碰撞体，设定抓取锚点 (Grab Point)。
【听觉/视觉】安静环境音，模型呈慢速自转Idle状态 (5 RPM)。"	"【VR动作】玩家使用VR手柄按下 Grip 键抓取，通过手腕自然扭动进行 6DoF 多角度翻看。
【触觉反馈】抓取瞬间手柄触发轻微短促震动 (Haptic Amplitude: 0.3, Duration: 0.1s)。
【视觉变化】内部/核心结构材质自动高亮发光 (Emission: +2.0)，其他部分 Alpha 降至 0.2 变透明。
【空间音效】伴随旋转动作触发 3D 空间音效 (Spatial Audio)，并由近场语音播报“Backpack”。"
Tent	帐篷	"【VR环境】1:1比例虚拟陈列室，物体悬浮于玩家胸前高度 (Y=1.2m)。
【网格/材质】精细PBR材质，高多边形模型。开启环境光遮蔽(AO)。
【交互组件】配置 OVRGrabber/XR Grab Interactable，启用碰撞体，设定抓取锚点 (Grab Point)。
【听觉/视觉】安静环境音，模型呈慢速自转Idle状态 (5 RPM)。"	"【VR动作】玩家使用VR手柄按下 Grip 键抓取，通过手腕自然扭动进行 6DoF 多角度翻看。
【触觉反馈】抓取瞬间手柄触发轻微短促震动 (Haptic Amplitude: 0.3, Duration: 0.1s)。
【视觉变化】内部/核心结构材质自动高亮发光 (Emission: +2.0)，其他部分 Alpha 降至 0.2 变透明。
【空间音效】伴随旋转动作触发 3D 空间音效 (Spatial Audio)，并由近场语音播报“Tent”。"
Anchor	锚	"【VR环境】1:1比例虚拟陈列室，物体悬浮于玩家胸前高度 (Y=1.2m)。
【网格/材质】精细PBR材质，高多边形模型。开启环境光遮蔽(AO)。
【交互组件】配置 OVRGrabber/XR Grab Interactable，启用碰撞体，设定抓取锚点 (Grab Point)。
【听觉/视觉】安静环境音，模型呈慢速自转Idle状态 (5 RPM)。"	"【VR动作】玩家使用VR手柄按下 Grip 键抓取，通过手腕自然扭动进行 6DoF 多角度翻看。
【触觉反馈】抓取瞬间手柄触发轻微短促震动 (Haptic Amplitude: 0.3, Duration: 0.1s)。
【视觉变化】内部/核心结构材质自动高亮发光 (Emission: +2.0)，其他部分 Alpha 降至 0.2 变透明。
【空间音效】伴随旋转动作触发 3D 空间音效 (Spatial Audio)，并由近场语音播报“Anchor”。"
Propeller	螺旋桨	"【VR环境】1:1比例虚拟陈列室，物体悬浮于玩家胸前高度 (Y=1.2m)。
【网格/材质】精细PBR材质，高多边形模型。开启环境光遮蔽(AO)。
【交互组件】配置 OVRGrabber/XR Grab Interactable，启用碰撞体，设定抓取锚点 (Grab Point)。
【听觉/视觉】安静环境音，模型呈慢速自转Idle状态 (5 RPM)。"	"【VR动作】玩家使用VR手柄按下 Grip 键抓取，通过手腕自然扭动进行 6DoF 多角度翻看。
【触觉反馈】抓取瞬间手柄触发轻微短促震动 (Haptic Amplitude: 0.3, Duration: 0.1s)。
【视觉变化】内部/核心结构材质自动高亮发光 (Emission: +2.0)，其他部分 Alpha 降至 0.2 变透明。
【空间音效】伴随旋转动作触发 3D 空间音效 (Spatial Audio)，并由近场语音播报“Propeller”。"
Radar	雷达	"【VR环境】1:1比例虚拟陈列室，物体悬浮于玩家胸前高度 (Y=1.2m)。
【网格/材质】精细PBR材质，高多边形模型。开启环境光遮蔽(AO)。
【交互组件】配置 OVRGrabber/XR Grab Interactable，启用碰撞体，设定抓取锚点 (Grab Point)。
【听觉/视觉】安静环境音，模型呈慢速自转Idle状态 (5 RPM)。"	"【VR动作】玩家使用VR手柄按下 Grip 键抓取，通过手腕自然扭动进行 6DoF 多角度翻看。
【触觉反馈】抓取瞬间手柄触发轻微短促震动 (Haptic Amplitude: 0.3, Duration: 0.1s)。
【视觉变化】内部/核心结构材质自动高亮发光 (Emission: +2.0)，其他部分 Alpha 降至 0.2 变透明。
【空间音效】伴随旋转动作触发 3D 空间音效 (Spatial Audio)，并由近场语音播报“Radar”。"
Sponge	海绵	"【VR环境】1:1比例虚拟陈列室，物体悬浮于玩家胸前高度 (Y=1.2m)。
【网格/材质】精细PBR材质，高多边形模型。开启环境光遮蔽(AO)。
【交互组件】配置 OVRGrabber/XR Grab Interactable，启用碰撞体，设定抓取锚点 (Grab Point)。
【听觉/视觉】安静环境音，模型呈慢速自转Idle状态 (5 RPM)。"	"【VR动作】玩家使用VR手柄按下 Grip 键抓取，通过手腕自然扭动进行 6DoF 多角度翻看。
【触觉反馈】抓取瞬间手柄触发轻微短促震动 (Haptic Amplitude: 0.3, Duration: 0.1s)。
【视觉变化】内部/核心结构材质自动高亮发光 (Emission: +2.0)，其他部分 Alpha 降至 0.2 变透明。
【空间音效】伴随旋转动作触发 3D 空间音效 (Spatial Audio)，并由近场语音播报“Sponge”。"
Web	网	"【VR环境】1:1比例虚拟陈列室，物体悬浮于玩家胸前高度 (Y=1.2m)。
【网格/材质】精细PBR材质，高多边形模型。开启环境光遮蔽(AO)。
【交互组件】配置 OVRGrabber/XR Grab Interactable，启用碰撞体，设定抓取锚点 (Grab Point)。
【听觉/视觉】安静环境音，模型呈慢速自转Idle状态 (5 RPM)。"	"【VR动作】玩家使用VR手柄按下 Grip 键抓取，通过手腕自然扭动进行 6DoF 多角度翻看。
【触觉反馈】抓取瞬间手柄触发轻微短促震动 (Haptic Amplitude: 0.3, Duration: 0.1s)。
【视觉变化】内部/核心结构材质自动高亮发光 (Emission: +2.0)，其他部分 Alpha 降至 0.2 变透明。
【空间音效】伴随旋转动作触发 3D 空间音效 (Spatial Audio)，并由近场语音播报“Web”。"
Shell	壳	"【VR环境】1:1比例虚拟陈列室，物体悬浮于玩家胸前高度 (Y=1.2m)。
【网格/材质】精细PBR材质，高多边形模型。开启环境光遮蔽(AO)。
【交互组件】配置 OVRGrabber/XR Grab Interactable，启用碰撞体，设定抓取锚点 (Grab Point)。
【听觉/视觉】安静环境音，模型呈慢速自转Idle状态 (5 RPM)。"	"【VR动作】玩家使用VR手柄按下 Grip 键抓取，通过手腕自然扭动进行 6DoF 多角度翻看。
【触觉反馈】抓取瞬间手柄触发轻微短促震动 (Haptic Amplitude: 0.3, Duration: 0.1s)。
【视觉变化】内部/核心结构材质自动高亮发光 (Emission: +2.0)，其他部分 Alpha 降至 0.2 变透明。
【空间音效】伴随旋转动作触发 3D 空间音效 (Spatial Audio)，并由近场语音播报“Shell”。"
Feather	羽毛	"【VR环境】1:1比例虚拟陈列室，物体悬浮于玩家胸前高度 (Y=1.2m)。
【网格/材质】精细PBR材质，高多边形模型。开启环境光遮蔽(AO)。
【交互组件】配置 OVRGrabber/XR Grab Interactable，启用碰撞体，设定抓取锚点 (Grab Point)。
【听觉/视觉】安静环境音，模型呈慢速自转Idle状态 (5 RPM)。"	"【VR动作】玩家使用VR手柄按下 Grip 键抓取，通过手腕自然扭动进行 6DoF 多角度翻看。
【触觉反馈】抓取瞬间手柄触发轻微短促震动 (Haptic Amplitude: 0.3, Duration: 0.1s)。
【视觉变化】内部/核心结构材质自动高亮发光 (Emission: +2.0)，其他部分 Alpha 降至 0.2 变透明。
【空间音效】伴随旋转动作触发 3D 空间音效 (Spatial Audio)，并由近场语音播报“Feather”。"
Scales	鳞片	"【VR环境】1:1比例虚拟陈列室，物体悬浮于玩家胸前高度 (Y=1.2m)。
【网格/材质】精细PBR材质，高多边形模型。开启环境光遮蔽(AO)。
【交互组件】配置 OVRGrabber/XR Grab Interactable，启用碰撞体，设定抓取锚点 (Grab Point)。
【听觉/视觉】安静环境音，模型呈慢速自转Idle状态 (5 RPM)。"	"【VR动作】玩家使用VR手柄按下 Grip 键抓取，通过手腕自然扭动进行 6DoF 多角度翻看。
【触觉反馈】抓取瞬间手柄触发轻微短促震动 (Haptic Amplitude: 0.3, Duration: 0.1s)。
【视觉变化】内部/核心结构材质自动高亮发光 (Emission: +2.0)，其他部分 Alpha 降至 0.2 变透明。
【空间音效】伴随旋转动作触发 3D 空间音效 (Spatial Audio)，并由近场语音播报“Scales”。"
Droplet	水滴	"【VR环境】1:1比例虚拟陈列室，物体悬浮于玩家胸前高度 (Y=1.2m)。
【网格/材质】精细PBR材质，高多边形模型。开启环境光遮蔽(AO)。
【交互组件】配置 OVRGrabber/XR Grab Interactable，启用碰撞体，设定抓取锚点 (Grab Point)。
【听觉/视觉】安静环境音，模型呈慢速自转Idle状态 (5 RPM)。"	"【VR动作】玩家使用VR手柄按下 Grip 键抓取，通过手腕自然扭动进行 6DoF 多角度翻看。
【触觉反馈】抓取瞬间手柄触发轻微短促震动 (Haptic Amplitude: 0.3, Duration: 0.1s)。
【视觉变化】内部/核心结构材质自动高亮发光 (Emission: +2.0)，其他部分 Alpha 降至 0.2 变透明。
【空间音效】伴随旋转动作触发 3D 空间音效 (Spatial Audio)，并由近场语音播报“Droplet”。"
Bubble	气泡	"【VR环境】1:1比例虚拟陈列室，物体悬浮于玩家胸前高度 (Y=1.2m)。
【网格/材质】精细PBR材质，高多边形模型。开启环境光遮蔽(AO)。
【交互组件】配置 OVRGrabber/XR Grab Interactable，启用碰撞体，设定抓取锚点 (Grab Point)。
【听觉/视觉】安静环境音，模型呈慢速自转Idle状态 (5 RPM)。"	"【VR动作】玩家使用VR手柄按下 Grip 键抓取，通过手腕自然扭动进行 6DoF 多角度翻看。
【触觉反馈】抓取瞬间手柄触发轻微短促震动 (Haptic Amplitude: 0.3, Duration: 0.1s)。
【视觉变化】内部/核心结构材质自动高亮发光 (Emission: +2.0)，其他部分 Alpha 降至 0.2 变透明。
【空间音效】伴随旋转动作触发 3D 空间音效 (Spatial Audio)，并由近场语音播报“Bubble”。"
Particle	颗粒	"【VR环境】1:1比例虚拟陈列室，物体悬浮于玩家胸前高度 (Y=1.2m)。
【网格/材质】精细PBR材质，高多边形模型。开启环境光遮蔽(AO)。
【交互组件】配置 OVRGrabber/XR Grab Interactable，启用碰撞体，设定抓取锚点 (Grab Point)。
【听觉/视觉】安静环境音，模型呈慢速自转Idle状态 (5 RPM)。"	"【VR动作】玩家使用VR手柄按下 Grip 键抓取，通过手腕自然扭动进行 6DoF 多角度翻看。
【触觉反馈】抓取瞬间手柄触发轻微短促震动 (Haptic Amplitude: 0.3, Duration: 0.1s)。
【视觉变化】内部/核心结构材质自动高亮发光 (Emission: +2.0)，其他部分 Alpha 降至 0.2 变透明。
【空间音效】伴随旋转动作触发 3D 空间音效 (Spatial Audio)，并由近场语音播报“Particle”。"
